9,1.4992,0,1.5,-0.00046036,0,1.075e-11,-6.783e-05,0,3.0336e-12,33.096,0,-7.5276e-10,0,0
8.99,1.4992,0,1.5,0.0011767,0,1.0682e-11,-0.3255,0,1.0454e-11,31.992,0,-7.3137e-10,0,0
8.98,1.4992,0,1.5,0.006013,0,1.0541e-11,-0.63995,0,1.7662e-11,30.9,0,-7.1021e-10,0,0
8.97,1.4991,0,1.5,0.013939,0,1.033e-11,-0.94355,0,2.4659e-11,29.822,0,-6.8928e-10,0,0
8.96,1.4989,0,1.5,0.024848,0,1.0049e-11,-1.2364,0,3.1448e-11,28.757,0,-6.6858e-10,0,0
8.95,1.4986,0,1.5,0.038633,0,9.7013e-12,-1.5187,0,3.8031e-11,27.704,0,-6.4811e-10,0,0
8.94,1.4981,0,1.5,0.055188,0,9.289e-12,-1.7906,0,4.4411e-11,26.665,0,-6.2787e-10,0,0
8.93,1.4975,0,1.5,0.074409,0,8.8138e-12,-2.0521,0,5.059e-11,25.638,0,-6.0786e-10,0,0
8.92,1.4966,0,1.5,0.096195,0,8.2778e-12,-2.3034,0,5.6569e-11,24.624,0,-5.8808e-10,0,0
8.91,1.4955,0,1.5,0.12044,0,7.6831e-12,-2.5446,0,6.2352e-11,23.623,0,-5.6853e-10,0,0
8.9,1.4942,0,1.5,0.14705,0,7.0314e-12,-2.7759,0,6.794e-11,22.635,0,-5.492e-10,0,0
8.89,1.4926,0,1.5,0.17593,0,6.3249e-12,-2.9973,0,7.3337e-11,21.66,0,-5.3011e-10,0,0
8.88,1.4907,0,1.5,0.20697,0,5.5653e-12,-3.2091,0,7.8543e-11,20.697,0,-5.1124e-10,0,0
8.87,1.4884,0,1.5,0.24008,0,4.7547e-12,-3.4113,0,8.3562e-11,19.747,0,-4.926e-10,0,0
8.86,1.4859,0,1.5,0.27516,0,3.8947e-12,-3.6041,0,8.8396e-11,18.81,0,-4.7418e-10,0,0
8.85,1.4829,0,1.5,0.31213,0,2.9874e-12,-3.7876,0,9.3047e-11,17.886,0,-4.5599e-10,0,0
8.84,1.4796,0,1.5,0.35088,0,2.0344e-12,-3.9619,0,9.7516e-11,16.974,0,-4.3802e-10,0,0
8.83,1.4759,0,1.5,0.39134,0,1.0376e-12,-4.1271,0,1.0181e-10,16.074,0,-4.2028e-10,0,0
8.82,1.4718,0,1.5,0.4334,0,-1.1812e-15,-4.2834,0,1.0592e-10,15.188,0,-4.0276e-10,0,0
8.81,1.4672,0,1.5,0.47697,0,-1.0803e-12,-4.4309,0,1.0986e-10,14.313,0,-3.8547e-10,0,0
8.8,1.4622,0,1.5,0.52198,0,-2.1979e-12,-4.5697,0,1.1363e-10,13.452,0,-3.684e-10,0,0
8.79,1.4568,0,1.5,0.56834,0,-3.3524e-12,-4.7,0,1.1723e-10,12.603,0,-3.5155e-10,0,0
8.78,1.4509,0,1.5,0.61595,0,-4.542e-12,-4.8218,0,1.2066e-10,11.766,0,-3.3492e-10,0,0
8.77,1.4445,0,1.5,0.66475,0,-5.7651e-12,-4.9353,0,1.2393e-10,10.942,0,-3.1852e-10,0,0
8.76,1.4376,0,1.5,0.71463,0,-7.0201e-12,-5.0407,0,1.2704e-10,10.13,0,-3.0233e-10,0,0
8.75,1.4302,0,1.5,0.76553,0,-8.3053e-12,-5.138,0,1.2998e-10,9.3304,0,-2.8637e-10,0,0
8.74,1.4223,0,1.5,0.81737,0,-9.6191e-12,-5.2273,0,1.3276e-10,8.5433,0,-2.7063e-10,0,0
8.73,1.4138,0,1.5,0.87005,0,-1.096e-11,-5.3089,0,1.3539e-10,7.7685,0,-2.551e-10,0,0
8.72,1.4049,0,1.5,0.92352,0,-1.2326e-11,-5.3827,0,1.3787e-10,7.0061,0,-2.398e-10,0,0
8.71,1.3954,0,1.5,0.97768,0,-1.3717e-11,-5.449,0,1.4019e-10,6.2558,0,-2.2471e-10,0,0
8.7,1.3853,0,1.5,1.0325,0,-1.513e-11,-5.5079,0,1.4236e-10,5.5179,0,-2.0984e-10,0,0
8.69,1.3747,0,1.5,1.0878,0,-1.6564e-11,-5.5594,0,1.4439e-10,4.7921,0,-1.9519e-10,0,0
8.68,1.3635,0,1.5,1.1436,0,-1.8017e-11,-5.6038,0,1.4627e-10,4.0785,0,-1.8076e-10,0,0
8.67,1.3518,0,1.5,1.1999,0,-1.9488e-11,-5.641,0,1.48e-10,3.3771,0,-1.6654e-10,0,0
8.66,1.3395,0,1.5,1.2564,0,-2.0977e-11,-5.6713,0,1.496e-10,2.6878,0,-1.5254e-10,0,0
8.65,1.3267,0,1.5,1.3133,0,-2.248e-11,-5.6948,0,1.5105e-10,2.0106,0,-1.3876e-10,0,0
8.64,1.3133,0,1.5,1.3703,0,-2.3997e-11,-5.7116,0,1.5237e-10,1.3455,0,-1.2519e-10,0,0
8.63,1.2993,0,1.5,1.4275,0,-2.5527e-11,-5.7218,0,1.5356e-10,0.69241,0,-1.1183e-10,0,0
8.62,1.2847,0,1.5,1.4847,0,-2.7068e-11,-5.7255,0,1.5461e-10,0.051342,0,-9.869e-11,0,0
8.61,1.2696,0,1.5,1.542,0,-2.8619e-11,-5.7228,0,1.5553e-10,-0.57774,0,-8.5762e-11,0,0
8.6,1.2539,0,1.5,1.5992,0,-3.0178e-11,-5.714,0,1.5633e-10,-1.1949,0,-7.3047e-11,0,0
8.59,1.2376,0,1.5,1.6562,0,-3.1745e-11,-5.699,0,1.5699e-10,-1.8,0,-6.0546e-11,0,0
8.58,1.2208,0,1.5,1.7131,0,-3.3318e-11,-5.678,0,1.5754e-10,-2.3933,0,-4.8256e-11,0,0
8.57,1.2034,0,1.5,1.7698,0,-3.4895e-11,-5.6512,0,1.5796e-10,-2.9747,0,-3.6178e-11,0,0
8.56,1.1854,0,1.5,1.8261,0,-3.6476e-11,-5.6186,0,1.5826e-10,-3.5443,0,-2.4311e-11,0,0
8.55,1.1668,0,1.5,1.8821,0,-3.806e-11,-5.5803,0,1.5845e-10,-4.102,0,-1.2654e-11,0,0
8.54,1.1477,0,1.5,1.9377,0,-3.9645e-11,-5.5366,0,1.5852e-10,-4.648,0,-1.2082e-12,0,0
8.53,1.1281,0,1.5,1.9928,0,-4.123e-11,-5.4874,0,1.5847e-10,-5.1822,0,1.0028e-11,0,0
8.52,1.1079,0,1.5,2.0474,0,-4.2814e-11,-5.4329,0,1.5832e-10,-5.7047,0,2.1056e-11,0,0
8.51,1.0871,0,1.5,2.1015,0,-4.4396e-11,-5.3733,0,1.5805e-10,-6.2154,0,3.1875e-11,0,0
8.5,1.0658,0,1.5,2.1549,0,-4.5975e-11,-5.3087,0,1.5768e-10,-6.7145,0,4.2485e-11,0,0
8.49,1.044,0,1.5,2.2076,0,-4.7549e-11,-5.2391,0,1.572e-10,-7.2019,0,5.2888e-11,0,0
8.48,1.0217,0,1.5,2.2597,0,-4.9118e-11,-5.1647,0,1.5662e-10,-7.6777,0,6.3084e-11,0,0
8.47,0.99884,0,1.5,2.3109,0,-5.0681e-11,-5.0856,0,1.5594e-10,-8.1419,0,7.3073e-11,0,0
8.46,0.97548,0,1.5,2.3614,0,-5.2237e-11,-5.0019,0,1.5516e-10,-8.5946,0,8.2856e-11,0,0
8.45,0.95162,0,1.5,2.4109,0,-5.3784e-11,-4.9137,0,1.5429e-10,-9.0357,0,9.2433e-11,0,0
8.44,0.92727,0,1.5,2.4596,0,-5.5322e-11,-4.8212,0,1.5331e-10,-9.4653,0,1.0181e-10,0,0
8.43,0.90243,0,1.5,2.5073,0,-5.685e-11,-4.7245,0,1.5225e-10,-9.8834,0,1.1097e-10,0,0
8.42,0.87712,0,1.5,2.5541,0,-5.8367e-11,-4.6236,0,1.511e-10,-10.29,0,1.1994e-10,0,0
8.41,0.85135,0,1.5,2.5998,0,-5.9872e-11,-4.5187,0,1.4985e-10,-10.685,0,1.287e-10,0,0
8.4,0.82513,0,1.5,2.6444,0,-6.1364e-11,-4.4099,0,1.4852e-10,-11.069,0,1.3725e-10,0,0
8.39,0.79847,0,1.5,2.688,0,-6.2842e-11,-4.2973,0,1.4711e-10,-11.442,0,1.4561e-10,0,0
8.38,0.77137,0,1.5,2.7304,0,-6.4306e-11,-4.1811,0,1.4561e-10,-11.803,0,1.5376e-10,0,0
8.37,0.74386,0,1.5,2.7716,0,-6.5754e-11,-4.0613,0,1.4403e-10,-12.153,0,1.6171e-10,0,0
8.36,0.71595,0,1.5,2.8116,0,-6.7186e-11,-3.9381,0,1.4238e-10,-12.491,0,1.6945e-10,0,0
8.35,0.68764,0,1.5,2.8503,0,-6.8601e-11,-3.8115,0,1.4064e-10,-12.818,0,1.77e-10,0,0
8.34,0.65894,0,1.5,2.8878,0,-6.9999e-11,-3.6818,0,1.3884e-10,-13.135,0,1.8435e-10,0,0
8.33,0.62988,0,1.5,2.924,0,-7.1378e-11,-3.5489,0,1.3696e-10,-13.439,0,1.915e-10,0,0
8.32,0.60047,0,1.5,2.9588,0,-7.2738e-11,-3.413,0,1.3501e-10,-13.733,0,1.9845e-10,0,0
8.31,0.57071,0,1.5,2.9922,0,-7.4078e-11,-3.2743,0,1.3299e-10,-14.016,0,2.052e-10,0,0
8.3,0.54063,0,1.5,3.0243,0,-7.5397e-11,-3.1327,0,1.309e-10,-14.287,0,2.1175e-10,0,0
8.29,0.51023,0,1.5,3.0549,0,-7.6696e-11,-2.9886,0,1.2876e-10,-14.547,0,2.181e-10,0,0
8.28,0.47954,0,1.5,3.084,0,-7.7972e-11,-2.8418,0,1.2654e-10,-14.797,0,2.2426e-10,0,0
8.27,0.44856,0,1.5,3.1117,0,-7.9226e-11,-2.6927,0,1.2427e-10,-15.035,0,2.3022e-10,0,0
8.26,0.41731,0,1.5,3.1379,0,-8.0457e-11,-2.5412,0,1.2194e-10,-15.262,0,2.3598e-10,0,0
8.25,0.3858,0,1.5,3.1625,0,-8.1665e-11,-2.3874,0,1.1955e-10,-15.479,0,2.4155e-10,0,0
8.24,0.35406,0,1.5,3.1856,0,-8.2848e-11,-2.2316,0,1.1711e-10,-15.684,0,2.4692e-10,0,0
8.23,0.3221,0,1.5,3.2071,0,-8.4007e-11,-2.0738,0,1.1461e-10,-15.878,0,2.521e-10,0,0
8.22,0.28992,0,1.5,3.2271,0,-8.514e-11,-1.9141,0,1.1207e-10,-16.062,0,2.5709e-10,0,0
8.21,0.25756,0,1.5,3.2454,0,-8.6248e-11,-1.7526,0,1.0947e-10,-16.235,0,2.6188e-10,0,0
8.2,0.22502,0,1.5,3.2621,0,-8.733e-11,-1.5894,0,1.0683e-10,-16.396,0,2.6647e-10,0,0
8.19,0.19232,0,1.5,3.2772,0,-8.8384e-11,-1.4247,0,1.0414e-10,-16.548,0,2.7088e-10,0,0
8.18,0.15948,0,1.5,3.2906,0,-8.9412e-11,-1.2585,0,1.0141e-10,-16.688,0,2.7509e-10,0,0
8.17,0.12652,0,1.5,3.3024,0,-9.0413e-11,-1.091,0,9.8643e-11,-16.817,0,2.7911e-10,0,0
8.16,0.093442,0,1.5,3.3124,0,-9.1385e-11,-0.92221,0,9.5833e-11,-16.936,0,2.8294e-10,0,0
8.15,0.060274,0,1.5,3.3208,0,-9.2329e-11,-0.7523,0,9.2985e-11,-17.044,0,2.8657e-10,0,0
8.14,0.027031,0,1.5,3.3275,0,-9.3245e-11,-0.58136,0,9.0102e-11,-17.142,0,2.9002e-10,0,0
8.13,-0.0062696,0,1.5,3.3324,0,-9.4131e-11,-0.4095,0,8.7185e-11,-17.228,0,2.9328e-10,0,0
8.12,-0.039612,0,1.5,3.3357,0,-9.4988e-11,-0.23682,0,8.4237e-11,-17.305,0,2.9635e-10,0,0
8.11,-0.072977,0,1.5,3.3372,0,-9.5816e-11,-0.063441,0,8.1259e-11,-17.37,0,2.9923e-10,0,0
8.1,-0.10635,0,1.5,3.3369,0,-9.6613e-11,0.11055,0,7.8253e-11,-17.425,0,3.0192e-10,0,0
8.09,-0.13971,0,1.5,3.335,0,-9.7381e-11,0.28503,0,7.5221e-11,-17.47,0,3.0442e-10,0,0
8.08,-0.17304,0,1.5,3.3312,0,-9.8118e-11,0.45991,0,7.2165e-11,-17.504,0,3.0674e-10,0,0
8.07,-0.20633,0,1.5,3.3258,0,-9.8824e-11,0.63507,0,6.9087e-11,-17.528,0,3.0887e-10,0,0
8.06,-0.23955,0,1.5,3.3185,0,-9.9499e-11,0.81042,0,6.5989e-11,-17.541,0,3.1081e-10,0,0
8.05,-0.27269,0,1.5,3.3095,0,-1.0014e-10,0.98585,0,6.2872e-11,-17.543,0,3.1257e-10,0,0
8.04,-0.30574,0,1.5,3.2988,0,-1.0076e-10,1.1613,0,5.9738e-11,-17.536,0,3.1414e-10,0,0
8.03,-0.33866,0,1.5,3.2863,0,-1.0134e-10,1.3365,0,5.659e-11,-17.518,0,3.1553e-10,0,0
8.02,-0.37146,0,1.5,3.2721,0,-1.0189e-10,1.5116,0,5.3428e-11,-17.489,0,3.1673e-10,0,0
8.01,-0.4041,0,1.5,3.2561,0,-1.0241e-10,1.6863,0,5.0256e-11,-17.451,0,3.1775e-10,0,0
8,-0.43657,0,1.5,3.2384,0,-1.0289e-10,1.8606,0,4.7074e-11,-17.402,0,3.1858e-10,0,0
7.99,-0.46886,0,1.5,3.2189,0,-1.0335e-10,2.0343,0,4.3885e-11,-17.343,0,3.1924e-10,0,0
7.98,-0.50094,0,1.5,3.1977,0,-1.0377e-10,2.2074,0,4.069e-11,-17.273,0,3.1971e-10,0,0
7.97,-0.53281,0,1.5,3.1747,0,-1.0416e-10,2.3797,0,3.7491e-11,-17.194,0,3.1999e-10,0,0
7.96,-0.56443,0,1.5,3.1501,0,-1.0452e-10,2.5512,0,3.429e-11,-17.104,0,3.201e-10,0,0
7.95,-0.5958,0,1.5,3.1237,0,-1.0485e-10,2.7218,0,3.109e-11,-17.004,0,3.2003e-10,0,0
7.94,-0.6269,0,1.5,3.0956,0,-1.0514e-10,2.8913,0,2.789e-11,-16.895,0,3.1977e-10,0,0
7.93,-0.65771,0,1.5,3.0659,0,-1.0541e-10,3.0596,0,2.4695e-11,-16.775,0,3.1934e-10,0,0
7.92,-0.68821,0,1.5,3.0345,0,-1.0564e-10,3.2267,0,2.1504e-11,-16.644,0,3.1873e-10,0,0
7.91,-0.7184,0,1.5,3.0014,0,-1.0584e-10,3.3925,0,1.8321e-11,-16.504,0,3.1793e-10,0,0
7.9,-0.74824,0,1.5,2.9666,0,-1.06e-10,3.5568,0,1.5146e-11,-16.354,0,3.1696e-10,0,0
7.89,-0.77772,0,1.5,2.9302,0,-1.0614e-10,3.7195,0,1.1982e-11,-16.194,0,3.1581e-10,0,0
7.88,-0.80684,0,1.5,2.8922,0,-1.0624e-10,3.8807,0,8.8304e-12,-16.024,0,3.1449e-10,0,0
7.87,-0.83556,0,1.5,2.8526,0,-1.0632e-10,4.04,0,5.6929e-12,-15.845,0,3.1299e-10,0,0
7.86,-0.86388,0,1.5,2.8114,0,-1.0636e-10,4.1975,0,2.5713e-12,-15.655,0,3.1131e-10,0,0
7.85,-0.89178,0,1.5,2.7687,0,-1.0637e-10,4.3531,0,-5.3263e-13,-15.455,0,3.0945e-10,0,0
7.84,-0.91925,0,1.5,2.7244,0,-1.0635e-10,4.5066,0,-3.6171e-12,-15.246,0,3.0742e-10,0,0
7.83,-0.94627,0,1.5,2.6786,0,-1.0629e-10,4.658,0,-6.6805e-12,-15.027,0,3.0522e-10,0,0
7.82,-0.97282,0,1.5,2.6312,0,-1.0621e-10,4.8071,0,-9.7209e-12,-14.798,0,3.0284e-10,0,0
7.81,-0.99889,0,1.5,2.5824,0,-1.061e-10,4.9539,0,-1.2737e-11,-14.559,0,3.0028e-10,0,0
7.8,-1.0245,0,1.5,2.5322,0,-1.0596e-10,5.0982,0,-1.5726e-11,-14.311,0,2.9756e-10,0,0
7.79,-1.0495,0,1.5,2.4805,0,-1.0579e-10,5.2401,0,-1.8687e-11,-14.053,0,2.9466e-10,0,0
7.78,-1.0741,0,1.5,2.4274,0,-1.0558e-10,5.3793,0,-2.1618e-11,-13.785,0,2.9158e-10,0,0
7.77,-1.0981,0,1.5,2.3729,0,-1.0535e-10,5.5157,0,-2.4518e-11,-13.508,0,2.8834e-10,0,0
7.76,-1.1215,0,1.5,2.3171,0,-1.0509e-10,5.6494,0,-2.7385e-11,-13.221,0,2.8492e-10,0,0
7.75,-1.1444,0,1.5,2.2599,0,-1.0481e-10,5.7801,0,-3.0216e-11,-12.924,0,2.8134e-10,0,0
7.74,-1.1667,0,1.5,2.2015,0,-1.0449e-10,5.9078,0,-3.3011e-11,-12.618,0,2.7758e-10,0,0
7.73,-1.1884,0,1.5,2.1418,0,-1.0415e-10,6.0325,0,-3.5767e-11,-12.303,0,2.7365e-10,0,0
7.72,-1.2095,0,1.5,2.0808,0,-1.0377e-10,6.1539,0,-3.8483e-11,-11.978,0,2.6955e-10,0,0
7.71,-1.23,0,1.5,2.0187,0,-1.0338e-10,6.272,0,-4.1158e-11,-11.643,0,2.6529e-10,0,0
7.7,-1.2499,0,1.5,1.9554,0,-1.0295e-10,6.3867,0,-4.3788e-11,-11.3,0,2.6086e-10,0,0
7.69,-1.2691,0,1.5,1.891,0,-1.025e-10,6.498,0,-4.6374e-11,-10.946,0,2.5625e-10,0,0
7.68,-1.2877,0,1.5,1.8255,0,-1.0202e-10,6.6056,0,-4.8913e-11,-10.584,0,2.5148e-10,0,0
7.67,-1.3057,0,1.5,1.7589,0,-1.0152e-10,6.7096,0,-5.1403e-11,-10.212,0,2.4655e-10,0,0
7.66,-1.3229,0,1.5,1.6913,0,-1.01e-10,6.8098,0,-5.3843e-11,-9.8304,0,2.4144e-10,0,0
7.65,-1.3395,0,1.5,1.6227,0,-1.0045e-10,6.9062,0,-5.6232e-11,-9.4398,0,2.3618e-10,0,0
7.64,-1.3554,0,1.5,1.5532,0,-9.9872e-11,6.9986,0,-5.8566e-11,-9.0399,0,2.3074e-10,0,0
7.63,-1.3705,0,1.5,1.4827,0,-9.9275e-11,7.0869,0,-6.0846e-11,-8.6309,0,2.2514e-10,0,0
7.62,-1.385,0,1.5,1.4114,0,-9.8655e-11,7.1712,0,-6.3069e-11,-8.2126,0,2.1938e-10,0,0
7.61,-1.3988,0,1.5,1.3393,0,-9.8014e-11,7.2512,0,-6.5233e-11,-7.7852,0,2.1345e-10,0,0
7.6,-1.4118,0,1.5,1.2664,0,-9.7351e-11,7.3268,0,-6.7337e-11,-7.3486,0,2.0736e-10,0,0
7.59,-1.4241,0,1.5,1.1928,0,-9.6667e-11,7.3981,0,-6.938e-11,-6.9029,0,2.011e-10,0,0
7.58,-1.4356,0,1.5,1.1185,0,-9.5963e-11,7.4649,0,-7.1359e-11,-6.4481,0,1.9469e-10,0,0
7.57,-1.4465,0,1.5,1.0435,0,-9.524e-11,7.527,0,-7.3273e-11,-5.9843,0,1.8811e-10,0,0
7.56,-1.4565,0,1.5,0.96796,0,-9.4498e-11,7.5845,0,-7.512e-11,-5.5114,0,1.8137e-10,0,0
7.55,-1.4658,0,1.5,0.89185,0,-9.3738e-11,7.6372,0,-7.69e-11,-5.0295,0,1.7447e-10,0,0
7.54,-1.4743,0,1.5,0.81523,0,-9.296e-11,7.6851,0,-7.8609e-11,-4.5387,0,1.6741e-10,0,0
7.53,-1.4821,0,1.5,0.73816,0,-9.2166e-11,7.728,0,-8.0247e-11,-4.0389,0,1.6018e-10,0,0
7.52,-1.4891,0,1.5,0.66069,0,-9.1356e-11,7.7658,0,-8.1812e-11,-3.5302,0,1.528e-10,0,0
7.51,-1.4953,0,1.5,0.58286,0,-9.053e-11,7.7985,0,-8.3303e-11,-3.0126,0,1.4526e-10,0,0
7.5,-1.5008,0,1.5,0.50473,0,-8.969e-11,7.826,0,-8.4717e-11,-2.4861,0,1.3756e-10,0,0
7.49,-1.5046,0,1.5,0.42661,0,-9.9533e-13,7.8483,0,-7.171e-11,-1.9592,0,1.2971e-10,0,0
7.48,-1.5085,0,1.5,0.34804,0,-2.7187e-13,7.8653,0,-7.2969e-11,-1.4404,0,1.2209e-10,0,0
7.47,-1.5116,0,1.5,0.26932,0,4.638e-13,7.8772,0,-7.4152e-11,-0.92953,0,1.1456e-10,0,0
7.46,-1.5139,0,1.5,0.19051,0,1.2109e-12,7.8839,0,-7.5261e-11,-0.42666,0,1.0713e-10,0,0
7.45,-1.5154,0,1.5,0.11166,0,1.9688e-12,7.8857,0,-7.6295e-11,0.068257,0,9.9806e-11,0,0
7.44,-1.5161,0,1.5,0.032815,0,2.7366e-12,7.8826,0,-7.7257e-11,0.55524,0,9.2578e-11,0,0
7.43,-1.516,0,1.5,-0.045976,0,3.5137e-12,7.8747,0,-7.8147e-11,1.0343,0,8.5449e-11,0,0
7.42,-1.5152,0,1.5,-0.12466,0,4.2993e-12,7.8619,0,-7.8967e-11,1.5055,0,7.842e-11,0,0
7.41,-1.5136,0,1.5,-0.2032,0,5.0928e-12,7.8446,0,-7.9716e-11,1.9688,0,7.1489e-11,0,0
7.4,-1.5111,0,1.5,-0.28154,0,5.8934e-12,7.8226,0,-8.0397e-11,2.4242,0,6.4656e-11,0,0
7.39,-1.5079,0,1.5,-0.35964,0,6.7005e-12,7.7961,0,-8.101e-11,2.8718,0,5.7922e-11,0,0
7.38,-1.5039,0,1.5,-0.43745,0,7.5134e-12,7.7652,0,-8.1556e-11,3.3117,0,5.1286e-11,0,0
7.37,-1.4992,0,1.5,-0.51493,0,8.3314e-12,7.7299,0,-8.2036e-11,3.7437,0,4.4747e-11,0,0
7.36,-1.4936,0,1.5,-0.59203,0,9.1539e-12,7.6903,0,-8.2451e-11,4.1679,0,3.8306e-11,0,0
7.35,-1.4873,0,1.5,-0.66872,0,9.9802e-12,7.6466,0,-8.2802e-11,4.5845,0,3.1961e-11,0,0
7.34,-1.4803,0,1.5,-0.74495,0,1.081e-11,7.5987,0,-8.309e-11,4.9933,0,2.5714e-11,0,0
7.33,-1.4724,0,1.5,-0.82068,0,1.1642e-11,7.5467,0,-8.3317e-11,5.3944,0,1.9563e-11,0,0
7.32,-1.4639,0,1.5,-0.89587,0,1.2476e-11,7.4908,0,-8.3482e-11,5.7878,0,1.3508e-11,0,0
7.31,-1.4545,0,1.5,-0.97048,0,1.3311e-11,7.431,0,-8.3587e-11,6.1735,0,7.5499e-12,0,0
7.3,-1.4445,0,1.5,-1.0445,0,1.4147e-11,7.3674,0,-8.3633e-11,6.5516,0,1.6872e-12,0,0
7.29,-1.4336,0,1.5,-1.1178,0,1.4984e-11,7.3,0,-8.3621e-11,6.9221,0,-4.0799e-12,0,0
7.28,-1.4221,0,1.5,-1.1905,0,1.582e-11,7.229,0,-8.3552e-11,7.285,0,-9.7517e-12,0,0
7.27,-1.4098,0,1.5,-1.2624,0,1.6655e-11,7.1543,0,-8.3426e-11,7.6404,0,-1.5329e-11,0,0
7.26,-1.3969,0,1.5,-1.3335,0,1.7488e-11,7.0762,0,-8.3246e-11,7.9881,0,-2.0811e-11,0,0
7.25,-1.3832,0,1.5,-1.4039,0,1.8319e-11,6.9946,0,-8.3011e-11,8.3284,0,-2.6198e-11,0,0
7.24,-1.3688,0,1.5,-1.4734,0,1.9148e-11,6.9096,0,-8.2722e-11,8.6611,0,-3.1491e-11,0,0
7.23,-1.3537,0,1.5,-1.5421,0,1.9974e-11,6.8214,0,-8.2381e-11,8.9864,0,-3.6691e-11,0,0
7.22,-1.3379,0,1.5,-1.6098,0,2.0795e-11,6.7299,0,-8.1989e-11,9.3041,0,-4.1796e-11,0,0
7.21,-1.3215,0,1.5,-1.6767,0,2.1613e-11,6.6353,0,-8.1545e-11,9.6145,0,-4.6808e-11,0,0
7.2,-1.3044,0,1.5,-1.7425,0,2.2426e-11,6.5377,0,-8.1053e-11,9.9174,0,-5.1727e-11,0,0
7.19,-1.2867,0,1.5,-1.8074,0,2.3234e-11,6.437,0,-8.0511e-11,10.213,0,-5.6553e-11,0,0
7.18,-1.2683,0,1.5,-1.8713,0,2.4036e-11,6.3334,0,-7.9922e-11,10.501,0,-6.1287e-11,0,0
7.17,-1.2492,0,1.5,-1.9341,0,2.4832e-11,6.227,0,-7.9286e-11,10.782,0,-6.5928e-11,0,0
7.16,-1.2296,0,1.5,-1.9958,0,2.5622e-11,6.1178,0,-7.8604e-11,11.055,0,-7.0476e-11,0,0
7.15,-1.2093,0,1.5,-2.0564,0,2.6404e-11,6.0059,0,-7.7877e-11,11.321,0,-7.4933e-11,0,0
7.14,-1.1885,0,1.5,-2.1159,0,2.7179e-11,5.8914,0,-7.7105e-11,11.58,0,-7.9299e-11,0,0
7.13,-1.167,0,1.5,-2.1742,0,2.7946e-11,5.7744,0,-7.6291e-11,11.832,0,-8.3572e-11,0,0
7.12,-1.145,0,1.5,-2.2314,0,2.8705e-11,5.6548,0,-7.5434e-11,12.076,0,-8.7755e-11,0,0
7.11,-1.1224,0,1.5,-2.2873,0,2.9455e-11,5.5329,0,-7.4536e-11,12.313,0,-9.1847e-11,0,0
7.1,-1.0992,0,1.5,-2.342,0,3.0195e-11,5.4086,0,-7.3598e-11,12.543,0,-9.5848e-11,0,0
7.09,-1.0755,0,1.5,-2.3955,0,3.0927e-11,5.282,0,-7.2619e-11,12.765,0,-9.9759e-11,0,0
7.08,-1.0513,0,1.5,-2.4477,0,3.1648e-11,5.1533,0,-7.1603e-11,12.981,0,-1.0358e-10,0,0
7.07,-1.0266,0,1.5,-2.4985,0,3.2358e-11,5.0224,0,-7.0548e-11,13.189,0,-1.0731e-10,0,0
7.06,-1.0014,0,1.5,-2.5481,0,3.3059e-11,4.8895,0,-6.9457e-11,13.39,0,-1.1095e-10,0,0
7.05,-0.97564,0,1.5,-2.5963,0,3.3748e-11,4.7547,0,-6.8329e-11,13.584,0,-1.1451e-10,0,0
7.04,-0.94944,0,1.5,-2.6432,0,3.4425e-11,4.6179,0,-6.7167e-11,13.771,0,-1.1797e-10,0,0
7.03,-0.92278,0,1.5,-2.6887,0,3.5091e-11,4.4793,0,-6.597e-11,13.951,0,-1.2134e-10,0,0
7.02,-0.89568,0,1.5,-2.7328,0,3.5744e-11,4.3389,0,-6.474e-11,14.124,0,-1.2463e-10,0,0
7.01,-0.86813,0,1.5,-2.7755,0,3.6385e-11,4.1968,0,-6.3478e-11,14.29,0,-1.2783e-10,0,0
7,-0.84017,0,1.5,-2.8167,0,3.7014e-11,4.0531,0,-6.2184e-11,14.449,0,-1.3094e-10,0,0
6.99,-0.8118,0,1.5,-2.8565,0,3.7629e-11,3.9079,0,-6.086e-11,14.601,0,-1.3396e-10,0,0
6.98,-0.78305,0,1.5,-2.8949,0,3.8231e-11,3.7611,0,-5.9505e-11,14.745,0,-1.3689e-10,0,0
6.97,-0.75391,0,1.5,-2.9317,0,3.8819e-11,3.613,0,-5.8122e-11,14.883,0,-1.3974e-10,0,0
6.96,-0.72442,0,1.5,-2.9671,0,3.9393e-11,3.4635,0,-5.6711e-11,15.014,0,-1.425e-10,0,0
6.95,-0.69457,0,1.5,-3.001,0,3.9953e-11,3.3127,0,-5.5272e-11,15.139,0,-1.4518e-10,0,0
6.94,-0.6644,0,1.5,-3.0334,0,4.0499e-11,3.1607,0,-5.3807e-11,15.256,0,-1.4776e-10,0,0
6.93,-0.63391,0,1.5,-3.0642,0,4.1029e-11,3.0076,0,-5.2317e-11,15.366,0,-1.5026e-10,0,0
6.92,-0.60312,0,1.5,-3.0935,0,4.1545e-11,2.8534,0,-5.0802e-11,15.47,0,-1.5268e-10,0,0
6.91,-0.57205,0,1.5,-3.1213,0,4.2045e-11,2.6982,0,-4.9264e-11,15.567,0,-1.5501e-10,0,0
6.9,-0.5407,0,1.5,-3.1475,0,4.253e-11,2.5421,0,-4.7703e-11,15.657,0,-1.5725e-10,0,0
6.89,-0.5091,0,1.5,-3.1721,0,4.2999e-11,2.3851,0,-4.6119e-11,15.74,0,-1.5941e-10,0,0
6.88,-0.47726,0,1.5,-3.1952,0,4.3452e-11,2.2273,0,-4.4515e-11,15.816,0,-1.6149e-10,0,0
6.87,-0.4452,0,1.5,-3.2167,0,4.3889e-11,2.0688,0,-4.289e-11,15.886,0,-1.6348e-10,0,0
6.86,-0.41294,0,1.5,-3.2365,0,4.431e-11,1.9096,0,-4.1245e-11,15.949,0,-1.6538e-10,0,0
6.85,-0.38048,0,1.5,-3.2548,0,4.4714e-11,1.7499,0,-3.9582e-11,16.006,0,-1.6721e-10,0,0
6.84,-0.34785,0,1.5,-3.2715,0,4.5102e-11,1.5895,0,-3.7901e-11,16.055,0,-1.6894e-10,0,0
6.83,-0.31505,0,1.5,-3.2866,0,4.5472e-11,1.4288,0,-3.6204e-11,16.098,0,-1.706e-10,0,0
6.82,-0.28212,0,1.5,-3.3001,0,4.5826e-11,1.2676,0,-3.449e-11,16.135,0,-1.7217e-10,0,0
6.81,-0.24906,0,1.5,-3.312,0,4.6162e-11,1.1061,0,-3.2761e-11,16.165,0,-1.7366e-10,0,0
6.8,-0.21588,0,1.5,-3.3222,0,4.6481e-11,0.94432,0,-3.1017e-11,16.188,0,-1.7506e-10,0,0
6.79,-0.18262,0,1.5,-3.3309,0,4.6782e-11,0.78235,0,-2.926e-11,16.205,0,-1.7638e-10,0,0
6.78,-0.14927,0,1.5,-3.3379,0,4.7066e-11,0.62025,0,-2.749e-11,16.215,0,-1.7762e-10,0,0
6.77,-0.11586,0,1.5,-3.3433,0,4.7332e-11,0.45807,0,-2.5707e-11,16.219,0,-1.7878e-10,0,0
6.76,-0.082412,0,1.5,-3.347,0,4.758e-11,0.2959,0,-2.3914e-11,16.216,0,-1.7986e-10,0,0
6.75,-0.048929,0,1.5,-3.3492,0,4.781e-11,0.13378,0,-2.211e-11,16.207,0,-1.8085e-10,0,0
6.74,-0.015433,0,1.5,-3.3497,0,4.8022e-11,-0.028212,0,-2.0297e-11,16.191,0,-1.8177e-10,0,0
6.73,0.01806,0,1.5,-3.3486,0,4.8216e-11,-0.19001,0,-1.8475e-11,16.169,0,-1.826e-10,0,0
6.72,0.051534,0,1.5,-3.3459,0,4.8392e-11,-0.35156,0,-1.6646e-11,16.14,0,-1.8335e-10,0,0
6.71,0.084973,0,1.5,-3.3416,0,4.8549e-11,-0.51279,0,-1.4809e-11,16.105,0,-1.8403e-10,0,0
6.7,0.11836,0,1.5,-3.3357,0,4.8688e-11,-0.67364,0,-1.2965e-11,16.064,0,-1.8462e-10,0,0
6.69,0.15168,0,1.5,-3.3281,0,4.8808e-11,-0.83405,0,-1.1116e-11,16.016,0,-1.8513e-10,0,0
6.68,0.18492,0,1.5,-3.319,0,4.891e-11,-0.99394,0,-9.2629e-12,15.962,0,-1.8556e-10,0,0
6.67,0.21805,0,1.5,-3.3082,0,4.8994e-11,-1.1533,0,-7.4054e-12,15.902,0,-1.8592e-10,0,0
6.66,0.25108,0,1.5,-3.2959,0,4.9058e-11,-1.312,0,-5.5448e-12,15.835,0,-1.8619e-10,0,0
6.65,0.28397,0,1.5,-3.282,0,4.9104e-11,-1.47,0,-3.6819e-12,15.762,0,-1.8639e-10,0,0
6.64,0.31671,0,1.5,-3.2665,0,4.9132e-11,-1.6272,0,-1.8173e-12,15.683,0,-1.865e-10,0,0
6.63,0.34929,0,1.5,-3.2495,0,4.9141e-11,-1.7836,0,4.7935e-14,15.598,0,-1.8654e-10,0,0
6.62,0.3817,0,1.5,-3.2309,0,4.9131e-11,-1.9391,0,1.9132e-12,15.507,0,-1.865e-10,0,0
6.61,0.41391,0,1.5,-3.2107,0,4.9103e-11,-2.0937,0,3.7777e-12,15.409,0,-1.8638e-10,0,0
6.6,0.44591,0,1.5,-3.189,0,4.9055e-11,-2.2473,0,5.6406e-12,15.305,0,-1.8619e-10,0,0
6.59,0.47768,0,1.5,-3.1658,0,4.899e-11,-2.3998,0,7.5012e-12,15.195,0,-1.8592e-10,0,0
6.58,0.50922,0,1.5,-3.141,0,4.8905e-11,-2.5512,0,9.3587e-12,15.079,0,-1.8557e-10,0,0
6.57,0.54049,0,1.5,-3.1147,0,4.8803e-11,-2.7014,0,1.1212e-11,14.957,0,-1.8514e-10,0,0
6.56,0.5715,0,1.5,-3.087,0,4.8681e-11,-2.8503,0,1.3061e-11,14.829,0,-1.8464e-10,0,0
6.55,0.60223,0,1.5,-3.0577,0,4.8541e-11,-2.9979,0,1.4905e-11,14.695,0,-1.8406e-10,0,0
6.54,0.63265,0,1.5,-3.027,0,4.8383e-11,-3.1442,0,1.6742e-11,14.554,0,-1.8341e-10,0,0
6.53,0.66276,0,1.5,-2.9949,0,4.8207e-11,-3.289,0,1.8573e-11,14.408,0,-1.8267e-10,0,0
6.52,0.69255,0,1.5,-2.9612,0,4.8012e-11,-3.4323,0,2.0395e-11,14.256,0,-1.8187e-10,0,0
6.51,0.72199,0,1.5,-2.9262,0,4.7799e-11,-3.5741,0,2.221e-11,14.098,0,-1.8099e-10,0,0
6.5,0.75107,0,1.5,-2.8898,0,4.7568e-11,-3.7142,0,2.4015e-11,13.934,0,-1.8003e-10,0,0
6.49,0.77978,0,1.5,-2.8519,0,4.7318e-11,-3.8527,0,2.581e-11,13.763,0,-1.79e-10,0,0
6.48,0.8081,0,1.5,-2.8127,0,4.7051e-11,-3.9895,0,2.7595e-11,13.587,0,-1.779e-10,0,0
6.47,0.83603,0,1.5,-2.7721,0,4.6767e-11,-4.1245,0,2.9368e-11,13.406,0,-1.7672e-10,0,0
6.46,0.86354,0,1.5,-2.7302,0,4.6464e-11,-4.2576,0,3.1129e-11,13.218,0,-1.7546e-10,0,0
6.45,0.89063,0,1.5,-2.687,0,4.6144e-11,-4.3888,0,3.2877e-11,13.024,0,-1.7414e-10,0,0
6.44,0.91727,0,1.5,-2.6425,0,4.5807e-11,-4.5181,0,3.4611e-11,12.825,0,-1.7274e-10,0,0
6.43,0.94347,0,1.5,-2.5966,0,4.5452e-11,-4.6453,0,3.6331e-11,12.62,0,-1.7126e-10,0,0
6.42,0.9692,0,1.5,-2.5496,0,4.508e-11,-4.7704,0,3.8036e-11,12.409,0,-1.6972e-10,0,0
6.41,0.99446,0,1.5,-2.5012,0,4.4691e-11,-4.8934,0,3.9726e-11,12.192,0,-1.681e-10,0,0
6.4,1.0192,0,1.5,-2.4517,0,4.4286e-11,-5.0143,0,4.1398e-11,11.97,0,-1.6641e-10,0,0
6.39,1.0435,0,1.5,-2.401,0,4.3863e-11,-5.1328,0,4.3053e-11,11.742,0,-1.6465e-10,0,0
6.38,1.0672,0,1.5,-2.3491,0,4.3425e-11,-5.2491,0,4.4691e-11,11.508,0,-1.6281e-10,0,0
6.37,1.0905,0,1.5,-2.296,0,4.2969e-11,-5.363,0,4.6309e-11,11.269,0,-1.609e-10,0,0
6.36,1.1132,0,1.5,-2.2418,0,4.2498e-11,-5.4744,0,4.7909e-11,11.024,0,-1.5893e-10,0,0
6.35,1.1353,0,1.5,-2.1865,0,4.2011e-11,-5.5834,0,4.9488e-11,10.773,0,-1.5688e-10,0,0
6.34,1.1569,0,1.5,-2.1301,0,4.1509e-11,-5.6899,0,5.1046e-11,10.517,0,-1.5476e-10,0,0
6.33,1.1779,0,1.5,-2.0727,0,4.0991e-11,-5.7937,0,5.2583e-11,10.255,0,-1.5257e-10,0,0
6.32,1.1983,0,1.5,-2.0143,0,4.0457e-11,-5.8949,0,5.4097e-11,9.9873,0,-1.5031e-10,0,0
6.31,1.2182,0,1.5,-1.9548,0,3.9909e-11,-5.9935,0,5.5589e-11,9.7143,0,-1.4798e-10,0,0
6.3,1.2374,0,1.5,-1.8944,0,3.9345e-11,-6.0892,0,5.7057e-11,9.4358,0,-1.4558e-10,0,0
6.29,1.2561,0,1.5,-1.8331,0,3.8768e-11,-6.1822,0,5.85e-11,9.1518,0,-1.4311e-10,0,0
6.28,1.2741,0,1.5,-1.7708,0,3.8176e-11,-6.2722,0,5.9919e-11,8.8624,0,-1.4057e-10,0,0
6.27,1.2915,0,1.5,-1.7076,0,3.7569e-11,-6.3594,0,6.1311e-11,8.5674,0,-1.3797e-10,0,0
6.26,1.3082,0,1.5,-1.6436,0,3.6949e-11,-6.4436,0,6.2678e-11,8.2671,0,-1.3529e-10,0,0
6.25,1.3243,0,1.5,-1.5788,0,3.6316e-11,-6.5247,0,6.4017e-11,7.9614,0,-1.3255e-10,0,0
6.24,1.3398,0,1.5,-1.5131,0,3.5669e-11,-6.6028,0,6.5328e-11,7.6502,0,-1.2973e-10,0,0
6.23,1.3546,0,1.5,-1.4467,0,3.5009e-11,-6.6777,0,6.6611e-11,7.3337,0,-1.2685e-10,0,0
6.22,1.3687,0,1.5,-1.3796,0,3.4337e-11,-6.7494,0,6.7865e-11,7.0119,0,-1.2391e-10,0,0
6.21,1.3822,0,1.5,-1.3117,0,3.3652e-11,-6.8179,0,6.9089e-11,6.6847,0,-1.2089e-10,0,0
6.2,1.395,0,1.5,-1.2432,0,3.2955e-11,-6.8831,0,7.0283e-11,6.3522,0,-1.1781e-10,0,0
6.19,1.4071,0,1.5,-1.1741,0,3.2247e-11,-6.9449,0,7.1445e-11,6.0145,0,-1.1466e-10,0,0
6.18,1.4185,0,1.5,-1.1043,0,3.1527e-11,-7.0034,0,7.2576e-11,5.6714,0,-1.1145e-10,0,0
6.17,1.4291,0,1.5,-1.034,0,3.0795e-11,-7.0584,0,7.3674e-11,5.3232,0,-1.0816e-10,0,0
6.16,1.4391,0,1.5,-0.96319,0,3.0053e-11,-7.1098,0,7.4739e-11,4.9697,0,-1.0482e-10,0,0
6.15,1.4484,0,1.5,-0.89185,0,2.9301e-11,-7.1577,0,7.577e-11,4.611,0,-1.014e-10,0,0
6.14,1.457,0,1.5,-0.82005,0,2.8538e-11,-7.202,0,7.6767e-11,4.2472,0,-9.7922e-11,0,0
6.13,1.4648,0,1.5,-0.74782,0,2.7765e-11,-7.2427,0,7.7728e-11,3.8782,0,-9.4378e-11,0,0
6.12,1.4719,0,1.5,-0.67521,0,2.6983e-11,-7.2796,0,7.8654e-11,3.504,0,-9.0768e-11,0,0
6.11,1.4783,0,1.5,-0.60224,0,2.6192e-11,-7.3127,0,7.9543e-11,3.1248,0,-8.7094e-11,0,0
6.1,1.484,0,1.5,-0.52897,0,2.5393e-11,-7.3421,0,8.0396e-11,2.7405,0,-8.3356e-11,0,0
6.09,1.4889,0,1.5,-0.45541,0,2.4585e-11,-7.3675,0,8.121e-11,2.351,0,-7.9553e-11,0,0
6.08,1.4931,0,1.5,-0.38163,0,2.3769e-11,-7.3891,0,8.1987e-11,1.9566,0,-7.5686e-11,0,0
6.07,1.4965,0,1.5,-0.30765,0,2.2945e-11,-7.4066,0,8.2724e-11,1.5571,0,-7.1755e-11,0,0
6.06,1.4992,0,1.5,-0.23351,0,2.2114e-11,-7.4202,0,8.3421e-11,1.1526,0,-6.7761e-11,0,0
6.05,1.5012,0,1.5,-0.15926,0,2.1277e-11,-7.4297,0,8.4079e-11,0.74314,0,-6.3704e-11,0,0
6.04,1.5024,0,1.5,-0.084929,0,2.0433e-11,-7.435,0,8.4695e-11,0.3287,0,-5.9584e-11,0,0
6.03,1.5029,0,1.5,-0.010569,0,1.9583e-11,-7.4362,0,8.527e-11,-0.090681,0,-5.5402e-11,0,0
6.02,1.5026,0,1.5,0.063781,0,1.8728e-11,-7.4332,0,8.5803e-11,-0.51498,0,-5.1157e-11,0,0
6.01,1.5016,0,1.5,0.13808,0,1.7867e-11,-7.4259,0,8.6293e-11,-0.94418,0,-4.6849e-11,0,0
6,1.4999,0,1.5,0.21229,0,1.7002e-11,-7.4143,0,8.674e-11,-1.3783,0,-4.248e-11,0,0
5.99,1.4974,0,1.5,0.28632,0,2.5606e-12,-7.3984,0,7.9981e-11,-1.8111,0,-3.668e-11,0,0
5.98,1.4941,0,1.5,0.36021,0,1.759e-12,-7.3781,0,8.0326e-11,-2.2364,0,-3.2372e-11,0,0
5.97,1.4902,0,1.5,0.43387,0,9.5418e-13,-7.3537,0,8.0629e-11,-2.6544,0,-2.8125e-11,0,0
5.96,1.4854,0,1.5,0.50727,0,1.4656e-13,-7.3251,0,8.0889e-11,-3.065,0,-2.3938e-11,0,0
5.95,1.48,0,1.5,0.58036,0,-6.6346e-13,-7.2924,0,8.1108e-11,-3.4682,0,-1.9812e-11,0,0
5.94,1.4738,0,1.5,0.6531,0,-1.4755e-12,-7.2557,0,8.1285e-11,-3.8641,0,-1.5746e-11,0,0
5.93,1.467,0,1.5,0.72546,0,-2.289e-12,-7.2151,0,8.1423e-11,-4.2528,0,-1.174e-11,0,0
5.92,1.4593,0,1.5,0.79739,0,-3.1038e-12,-7.1707,0,8.152e-11,-4.6341,0,-7.7946e-12,0,0
5.91,1.451,0,1.5,0.86886,0,-3.9193e-12,-7.1225,0,8.1579e-11,-5.0082,0,-3.9085e-12,0,0
5.9,1.442,0,1.5,0.93983,0,-4.7352e-12,-7.0706,0,8.1599e-11,-5.375,0,-8.1928e-14,0,0
5.89,1.4322,0,1.5,1.0103,0,-5.5512e-12,-7.015,0,8.1581e-11,-5.7347,0,3.6853e-12,0,0
5.88,1.4218,0,1.5,1.0801,0,-6.3667e-12,-6.9559,0,8.1525e-11,-6.0872,0,7.3934e-12,0,0
5.87,1.4106,0,1.5,1.1494,0,-7.1816e-12,-6.8933,0,8.1433e-11,-6.4325,0,1.1043e-11,0,0
5.86,1.3988,0,1.5,1.218,0,-7.9953e-12,-6.8273,0,8.1305e-11,-6.7707,0,1.4633e-11,0,0
5.85,1.3863,0,1.5,1.2859,0,-8.8075e-12,-6.7579,0,8.1141e-11,-7.1018,0,1.8165e-11,0,0
5.84,1.3731,0,1.5,1.3531,0,-9.618e-12,-6.6852,0,8.0942e-11,-7.4258,0,2.1639e-11,0,0
5.83,1.3592,0,1.5,1.4196,0,-1.0426e-11,-6.6094,0,8.0708e-11,-7.7428,0,2.5054e-11,0,0
5.82,1.3447,0,1.5,1.4853,0,-1.1232e-11,-6.5304,0,8.0441e-11,-8.0527,0,2.8412e-11,0,0
5.81,1.3295,0,1.5,1.5502,0,-1.2035e-11,-6.4484,0,8.014e-11,-8.3556,0,3.1712e-11,0,0
5.8,1.3137,0,1.5,1.6143,0,-1.2835e-11,-6.3633,0,7.9807e-11,-8.6516,0,3.4954e-11,0,0
5.79,1.2972,0,1.5,1.6774,0,-1.3631e-11,-6.2754,0,7.9441e-11,-8.9406,0,3.8139e-11,0,0
5.78,1.2801,0,1.5,1.7398,0,-1.4423e-11,-6.1845,0,7.9044e-11,-9.2226,0,4.1266e-11,0,0
5.77,1.2624,0,1.5,1.8011,0,-1.5212e-11,-6.0909,0,7.8616e-11,-9.4978,0,4.4337e-11,0,0
5.76,1.2441,0,1.5,1.8616,0,-1.5996e-11,-5.9946,0,7.8158e-11,-9.7661,0,4.7351e-11,0,0
5.75,1.2252,0,1.5,1.921,0,-1.6775e-11,-5.8956,0,7.7669e-11,-10.027,0,5.0309e-11,0,0
5.74,1.2057,0,1.5,1.9795,0,-1.7549e-11,-5.7941,0,7.7152e-11,-10.282,0,5.321e-11,0,0
5.73,1.1856,0,1.5,2.0369,0,-1.8318e-11,-5.69,0,7.6605e-11,-10.53,0,5.6055e-11,0,0
5.72,1.1649,0,1.5,2.0933,0,-1.9081e-11,-5.5835,0,7.6031e-11,-10.771,0,5.8844e-11,0,0
5.71,1.1437,0,1.5,2.1485,0,-1.9838e-11,-5.4746,0,7.5428e-11,-11.005,0,6.1577e-11,0,0
5.7,1.122,0,1.5,2.2027,0,-2.0589e-11,-5.3634,0,7.4799e-11,-11.233,0,6.4255e-11,0,0
5.69,1.0997,0,1.5,2.2558,0,-2.1334e-11,-5.25,0,7.4144e-11,-11.453,0,6.6877e-11,0,0
5.68,1.0769,0,1.5,2.3077,0,-2.2072e-11,-5.1344,0,7.3462e-11,-11.667,0,6.9445e-11,0,0
5.67,1.0535,0,1.5,2.3585,0,-2.2803e-11,-5.0167,0,7.2755e-11,-11.875,0,7.1957e-11,0,0
5.66,1.0297,0,1.5,2.4081,0,-2.3527e-11,-4.8969,0,7.2023e-11,-12.076,0,7.4414e-11,0,0
5.65,1.0054,0,1.5,2.4564,0,-2.4244e-11,-4.7752,0,7.1267e-11,-12.27,0,7.6817e-11,0,0
5.64,0.98058,0,1.5,2.5036,0,-2.4952e-11,-4.6515,0,7.0487e-11,-12.458,0,7.9165e-11,0,0
5.63,0.95531,0,1.5,2.5494,0,-2.5653e-11,-4.526,0,6.9684e-11,-12.639,0,8.146e-11,0,0
5.62,0.9296,0,1.5,2.5941,0,-2.6346e-11,-4.3988,0,6.8858e-11,-12.813,0,8.37e-11,0,0
5.61,0.90344,0,1.5,2.6374,0,-2.703e-11,-4.2698,0,6.801e-11,-12.981,0,8.5886e-11,0,0
5.6,0.87685,0,1.5,2.6795,0,-2.7706e-11,-4.1392,0,6.714e-11,-13.143,0,8.8019e-11,0,0
5.59,0.84985,0,1.5,2.7202,0,-2.8373e-11,-4.007,0,6.625e-11,-13.298,0,9.0099e-11,0,0
5.58,0.82245,0,1.5,2.7596,0,-2.9031e-11,-3.8732,0,6.5338e-11,-13.446,0,9.2125e-11,0,0
5.57,0.79466,0,1.5,2.7977,0,-2.968e-11,-3.7381,0,6.4407e-11,-13.589,0,9.4098e-11,0,0
5.56,0.7665,0,1.5,2.8344,0,-3.0319e-11,-3.6015,0,6.3457e-11,-13.724,0,9.6019e-11,0,0
5.55,0.73798,0,1.5,2.8697,0,-3.0949e-11,-3.4636,0,6.2487e-11,-13.854,0,9.7887e-11,0,0
5.54,0.70911,0,1.5,2.9036,0,-3.1569e-11,-3.3244,0,6.1499e-11,-13.977,0,9.9702e-11,0,0
5.53,0.67991,0,1.5,2.9362,0,-3.2179e-11,-3.1841,0,6.0493e-11,-14.094,0,1.0147e-10,0,0
5.52,0.6504,0,1.5,2.9673,0,-3.2779e-11,-3.0426,0,5.947e-11,-14.204,0,1.0318e-10,0,0
5.51,0.62057,0,1.5,2.997,0,-3.3368e-11,-2.9,0,5.843e-11,-14.309,0,1.0484e-10,0,0
5.5,0.59046,0,1.5,3.0253,0,-3.3947e-11,-2.7564,0,5.7373e-11,-14.407,0,1.0644e-10,0,0
5.49,0.56007,0,1.5,3.0521,0,-3.4516e-11,-2.6119,0,5.6301e-11,-14.499,0,1.08e-10,0,0
5.48,0.52942,0,1.5,3.0775,0,-3.5073e-11,-2.4665,0,5.5214e-11,-14.584,0,1.0951e-10,0,0
5.47,0.49853,0,1.5,3.1015,0,-3.562e-11,-2.3202,0,5.4111e-11,-14.664,0,1.1096e-10,0,0
5.46,0.4674,0,1.5,3.1239,0,-3.6155e-11,-2.1732,0,5.2995e-11,-14.737,0,1.1236e-10,0,0
5.45,0.43605,0,1.5,3.1449,0,-3.668e-11,-2.0255,0,5.1864e-11,-14.804,0,1.1372e-10,0,0
5.44,0.4045,0,1.5,3.1644,0,-3.7193e-11,-1.8772,0,5.072e-11,-14.865,0,1.1502e-10,0,0
5.43,0.37277,0,1.5,3.1825,0,-3.7694e-11,-1.7282,0,4.9564e-11,-14.92,0,1.1627e-10,0,0
5.42,0.34086,0,1.5,3.199,0,-3.8184e-11,-1.5788,0,4.8395e-11,-14.969,0,1.1747e-10,0,0
5.41,0.30879,0,1.5,3.214,0,-3.8662e-11,-1.4289,0,4.7215e-11,-15.012,0,1.1862e-10,0,0
5.4,0.27658,0,1.5,3.2276,0,-3.9128e-11,-1.2785,0,4.6023e-11,-15.049,0,1.1973e-10,0,0
5.39,0.24425,0,1.5,3.2396,0,-3.9582e-11,-1.1279,0,4.482e-11,-15.08,0,1.2078e-10,0,0
5.38,0.2118,0,1.5,3.2501,0,-4.0024e-11,-0.97696,0,4.3607e-11,-15.105,0,1.2178e-10,0,0
5.37,0.17925,0,1.5,3.2591,0,-4.0454e-11,-0.82581,0,4.2385e-11,-15.124,0,1.2274e-10,0,0
5.36,0.14662,0,1.5,3.2667,0,-4.0872e-11,-0.67449,0,4.1153e-11,-15.138,0,1.2364e-10,0,0
5.35,0.11392,0,1.5,3.2726,0,-4.1277e-11,-0.52307,0,3.9912e-11,-15.145,0,1.245e-10,0,0
5.34,0.081171,0,1.5,3.2771,0,-4.167e-11,-0.37161,0,3.8663e-11,-15.147,0,1.2531e-10,0,0
5.33,0.048384,0,1.5,3.2801,0,-4.2051e-11,-0.22016,0,3.7406e-11,-15.142,0,1.2607e-10,0,0
5.32,0.015575,0,1.5,3.2815,0,-4.2418e-11,-0.068777,0,3.6142e-11,-15.132,0,1.2678e-10,0,0
5.31,-0.017241,0,1.5,3.2814,0,-4.2774e-11,0.082472,0,3.4871e-11,-15.117,0,1.2745e-10,0,0
5.3,-0.050049,0,1.5,3.2799,0,-4.3116e-11,0.23353,0,3.3593e-11,-15.095,0,1.2806e-10,0,0
5.29,-0.082834,0,1.5,3.2768,0,-4.3445e-11,0.38435,0,3.231e-11,-15.068,0,1.2863e-10,0,0
5.28,-0.11558,0,1.5,3.2722,0,-4.3762e-11,0.53487,0,3.1021e-11,-15.035,0,1.2915e-10,0,0
5.27,-0.14827,0,1.5,3.2661,0,-4.4066e-11,0.68503,0,2.9727e-11,-14.996,0,1.2963e-10,0,0
5.26,-0.1809,0,1.5,3.2585,0,-4.4357e-11,0.83477,0,2.8428e-11,-14.952,0,1.3006e-10,0,0
5.25,-0.21344,0,1.5,3.2494,0,-4.4634e-11,0.98404,0,2.7126e-11,-14.902,0,1.3044e-10,0,0
5.24,-0.24588,0,1.5,3.2388,0,-4.4899e-11,1.1328,0,2.582e-11,-14.846,0,1.3077e-10,0,0
5.23,-0.27821,0,1.5,3.2267,0,-4.5151e-11,1.2809,0,2.451e-11,-14.785,0,1.3106e-10,0,0
5.22,-0.31041,0,1.5,3.2132,0,-4.5389e-11,1.4285,0,2.3199e-11,-14.718,0,1.313e-10,0,0
5.21,-0.34247,0,1.5,3.1982,0,-4.5615e-11,1.5753,0,2.1885e-11,-14.646,0,1.315e-10,0,0
5.2,-0.37437,0,1.5,3.1817,0,-4.5827e-11,1.7214,0,2.0569e-11,-14.569,0,1.3165e-10,0,0
5.19,-0.4061,0,1.5,3.1637,0,-4.6026e-11,1.8667,0,1.9252e-11,-14.485,0,1.3176e-10,0,0
5.18,-0.43764,0,1.5,3.1444,0,-4.6212e-11,2.0111,0,1.7934e-11,-14.397,0,1.3182e-10,0,0
5.17,-0.46898,0,1.5,3.1235,0,-4.6385e-11,2.1546,0,1.6615e-11,-14.303,0,1.3183e-10,0,0
5.16,-0.5001,0,1.5,3.1013,0,-4.6544e-11,2.2971,0,1.5297e-11,-14.203,0,1.318e-10,0,0
5.15,-0.531,0,1.5,3.0776,0,-4.6691e-11,2.4386,0,1.398e-11,-14.099,0,1.3173e-10,0,0
5.14,-0.56165,0,1.5,3.0525,0,-4.6824e-11,2.5791,0,1.2663e-11,-13.988,0,1.3161e-10,0,0
5.13,-0.59204,0,1.5,3.026,0,-4.6944e-11,2.7184,0,1.1348e-11,-13.873,0,1.3144e-10,0,0
5.12,-0.62217,0,1.5,2.9981,0,-4.7051e-11,2.8565,0,1.0034e-11,-13.752,0,1.3124e-10,0,0
5.11,-0.652,0,1.5,2.9689,0,-4.7145e-11,2.9934,0,8.723e-12,-13.626,0,1.3098e-10,0,0
5.1,-0.68154,0,1.5,2.9383,0,-4.7225e-11,3.129,0,7.4146e-12,-13.495,0,1.3069e-10,0,0
5.09,-0.71076,0,1.5,2.9063,0,-4.7293e-11,3.2633,0,6.1094e-12,-13.358,0,1.3035e-10,0,0
5.08,-0.73966,0,1.5,2.873,0,-4.7347e-11,3.3962,0,4.8078e-12,-13.217,0,1.2997e-10,0,0
5.07,-0.76822,0,1.5,2.8384,0,-4.7389e-11,3.5276,0,3.5102e-12,-13.07,0,1.2954e-10,0,0
5.06,-0.79642,0,1.5,2.8025,0,-4.7418e-11,3.6575,0,2.2171e-12,-12.918,0,1.2907e-10,0,0
5.05,-0.82426,0,1.5,2.7652,0,-4.7433e-11,3.7859,0,9.2885e-13,-12.76,0,1.2856e-10,0,0
5.04,-0.85172,0,1.5,2.7267,0,-4.7436e-11,3.9127,0,-3.5405e-13,-12.598,0,1.2801e-10,0,0
5.03,-0.87879,0,1.5,2.687,0,-4.7426e-11,4.0379,0,-1.6312e-12,-12.431,0,1.2741e-10,0,0
5.02,-0.90546,0,1.5,2.646,0,-4.7404e-11,4.1613,0,-2.9022e-12,-12.258,0,1.2678e-10,0,0
5.01,-0.93171,0,1.5,2.6038,0,-4.7368e-11,4.283,0,-4.1666e-12,-12.081,0,1.261e-10,0,0
5,-0.95753,0,1.5,2.5603,0,-4.732e-11,4.4029,0,-5.4239e-12,-11.898,0,1.2537e-10,0,0
4.99,-0.98291,0,1.5,2.5157,0,-4.726e-11,4.521,0,-6.6739e-12,-11.711,0,1.2461e-10,0,0
4.98,-1.0078,0,1.5,2.4699,0,-4.7187e-11,4.6371,0,-7.916e-12,-11.519,0,1.2381e-10,0,0
4.97,-1.0323,0,1.5,2.423,0,-4.7102e-11,4.7513,0,-9.1499e-12,-11.321,0,1.2296e-10,0,0
4.96,-1.0563,0,1.5,2.3749,0,-4.7004e-11,4.8635,0,-1.0375e-11,-11.119,0,1.2207e-10,0,0
4.95,-1.0798,0,1.5,2.3257,0,-4.6894e-11,4.9737,0,-1.1591e-11,-10.912,0,1.2114e-10,0,0
4.94,-1.1028,0,1.5,2.2754,0,-4.6772e-11,5.0818,0,-1.2798e-11,-10.7,0,1.2018e-10,0,0
4.93,-1.1253,0,1.5,2.2241,0,-4.6638e-11,5.1877,0,-1.3995e-11,-10.483,0,1.1917e-10,0,0
4.92,-1.1473,0,1.5,2.1717,0,-4.6492e-11,5.2914,0,-1.5181e-11,-10.261,0,1.1812e-10,0,0
4.91,-1.1687,0,1.5,2.1183,0,-4.6335e-11,5.3929,0,-1.6357e-11,-10.035,0,1.1703e-10,0,0
4.9,-1.1896,0,1.5,2.0638,0,-4.6165e-11,5.4921,0,-1.7522e-11,-9.8039,0,1.159e-10,0,0
4.89,-1.21,0,1.5,2.0084,0,-4.5984e-11,5.5889,0,-1.8675e-11,-9.568,0,1.1473e-10,0,0
4.88,-1.2298,0,1.5,1.9521,0,-4.5792e-11,5.6834,0,-1.9816e-11,-9.3274,0,1.1353e-10,0,0
4.87,-1.249,0,1.5,1.8948,0,-4.5588e-11,5.7755,0,-2.0945e-11,-9.0821,0,1.1228e-10,0,0
4.86,-1.2677,0,1.5,1.8366,0,-4.5373e-11,5.8651,0,-2.2062e-11,-8.8322,0,1.1099e-10,0,0
4.85,-1.2858,0,1.5,1.7775,0,-4.5147e-11,5.9521,0,-2.3165e-11,-8.5776,0,1.0967e-10,0,0
4.84,-1.3033,0,1.5,1.7175,0,-4.491e-11,6.0366,0,-2.4255e-11,-8.3184,0,1.0831e-10,0,0
4.83,-1.3201,0,1.5,1.6568,0,-4.4662e-11,6.1185,0,-2.5331e-11,-8.0546,0,1.069e-10,0,0
4.82,-1.3364,0,1.5,1.5952,0,-4.4403e-11,6.1977,0,-2.6393e-11,-7.7863,0,1.0547e-10,0,0
4.81,-1.352,0,1.5,1.5328,0,-4.4134e-11,6.2742,0,-2.744e-11,-7.5134,0,1.0399e-10,0,0
4.8,-1.367,0,1.5,1.4697,0,-4.3854e-11,6.3479,0,-2.8472e-11,-7.2361,0,1.0247e-10,0,0
4.79,-1.3814,0,1.5,1.4059,0,-4.3565e-11,6.4189,0,-2.9489e-11,-6.9542,0,1.0092e-10,0,0
4.78,-1.3952,0,1.5,1.3413,0,-4.3265e-11,6.487,0,-3.0491e-11,-6.6679,0,9.9328e-11,0,0
4.77,-1.4082,0,1.5,1.2761,0,-4.2955e-11,6.5522,0,-3.1476e-11,-6.3771,0,9.77e-11,0,0
4.76,-1.4207,0,1.5,1.2103,0,-4.2635e-11,6.6145,0,-3.2445e-11,-6.0819,0,9.6036e-11,0,0
4.75,-1.4324,0,1.5,1.1439,0,-4.2306e-11,6.6738,0,-3.3396e-11,-5.7824,0,9.4334e-11,0,0
4.74,-1.4436,0,1.5,1.0768,0,-4.1967e-11,6.7301,0,-3.4331e-11,-5.4785,0,9.2596e-11,0,0
4.73,-1.454,0,1.5,1.0093,0,-4.1619e-11,6.7834,0,-3.5248e-11,-5.1702,0,9.0821e-11,0,0
4.72,-1.4637,0,1.5,0.94118,0,-4.1262e-11,6.8335,0,-3.6147e-11,-4.8576,0,8.901e-11,0,0
4.71,-1.4728,0,1.5,0.8726,0,-4.0896e-11,6.8805,0,-3.7028e-11,-4.5407,0,8.7163e-11,0,0
4.7,-1.4812,0,1.5,0.80358,0,-4.0522e-11,6.9243,0,-3.7891e-11,-4.2196,0,8.528e-11,0,0
4.69,-1.4889,0,1.5,0.73413,0,-4.0139e-11,6.9649,0,-3.8734e-11,-3.8943,0,8.3362e-11,0,0
4.68,-1.4959,0,1.5,0.66429,0,-3.9747e-11,7.0022,0,-3.9558e-11,-3.5647,0,8.1408e-11,0,0
4.67,-1.5022,0,1.5,0.59409,0,-3.9348e-11,7.0362,0,-4.0362e-11,-3.2309,0,7.9419e-11,0,0
4.66,-1.5077,0,1.5,0.52358,0,-3.894e-11,7.0668,0,-4.1146e-11,-2.893,0,7.7394e-11,0,0
4.65,-1.5126,0,1.5,0.45277,0,-3.8525e-11,7.094,0,-4.191e-11,-2.5509,0,7.5335e-11,0,0
4.64,-1.5168,0,1.5,0.38171,0,-3.8102e-11,7.1178,0,-4.2652e-11,-2.2047,0,7.3242e-11,0,0
4.63,-1.5203,0,1.5,0.31043,0,-3.7672e-11,7.1381,0,-4.3374e-11,-1.8544,0,7.1114e-11,0,0
4.62,-1.523,0,1.5,0.23896,0,-3.7235e-11,7.1549,0,-4.4075e-11,-1.5,0,6.8951e-11,0,0
4.61,-1.525,0,1.5,0.16734,0,-3.679e-11,7.1681,0,-4.4753e-11,-1.1416,0,6.6755e-11,0,0
4.6,-1.5264,0,1.5,0.095607,0,-3.634e-11,7.1777,0,-4.541e-11,-0.77922,0,6.4524e-11,0,0
4.59,-1.527,0,1.5,0.023797,0,-3.5882e-11,7.1837,0,-4.6044e-11,-0.41282,0,6.226e-11,0,0
4.58,-1.5268,0,1.5,-0.048054,0,-3.5419e-11,7.186,0,-4.6655e-11,-0.042443,0,5.9963e-11,0,0
4.57,-1.526,0,1.5,-0.11991,0,-3.4949e-11,7.1845,0,-4.7243e-11,0.33187,0,5.7632e-11,0,0
4.56,-1.5244,0,1.5,-0.19173,0,-3.4474e-11,7.1793,0,-4.7807e-11,0.71011,0,5.5268e-11,0,0
4.55,-1.5222,0,1.5,-0.26348,0,-3.3993e-11,7.1703,0,-4.8348e-11,1.0922,0,5.2871e-11,0,0
4.54,-1.5192,0,1.5,-0.33512,0,-3.3507e-11,7.1574,0,-4.8865e-11,1.4782,0,5.0442e-11,0,0
4.53,-1.5155,0,1.5,-0.40662,0,-3.3016e-11,7.1407,0,-4.9357e-11,1.8681,0,4.798e-11,0,0
4.52,-1.511,0,1.5,-0.47793,0,-3.252e-11,7.1201,0,-4.9824e-11,2.2617,0,4.5486e-11,0,0
4.51,-1.5059,0,1.5,-0.54901,0,-3.202e-11,7.0955,0,-5.0266e-11,2.6592,0,4.296e-11,0,0
4.5,-1.5001,0,1.5,-0.61982,0,-3.1515e-11,7.0669,0,-5.0683e-11,3.0604,0,4.0401e-11,0,0
4.49,-1.4935,0,1.5,-0.69032,0,-3.0566e-11,7.0343,0,-5.2491e-11,3.4597,0,3.7997e-11,0,0
4.48,-1.4862,0,1.5,-0.76048,0,-3.0039e-11,6.9977,0,-5.2858e-11,3.8513,0,3.5474e-11,0,0
4.47,-1.4783,0,1.5,-0.83026,0,-2.9509e-11,6.9573,0,-5.32e-11,4.2352,0,3.2986e-11,0,0
4.46,-1.4696,0,1.5,-0.89962,0,-2.8975e-11,6.913,0,-5.3518e-11,4.6115,0,3.0531e-11,0,0
4.45,-1.4603,0,1.5,-0.96851,0,-2.8438e-11,6.8651,0,-5.3811e-11,4.9802,0,2.811e-11,0,0
4.44,-1.4503,0,1.5,-1.0369,0,-2.7899e-11,6.8134,0,-5.408e-11,5.3414,0,2.5723e-11,0,0
4.43,-1.4396,0,1.5,-1.1048,0,-2.7357e-11,6.7583,0,-5.4326e-11,5.6951,0,2.3369e-11,0,0
4.42,-1.4282,0,1.5,-1.1721,0,-2.6812e-11,6.6996,0,-5.4548e-11,6.0413,0,2.1048e-11,0,0
4.41,-1.4161,0,1.5,-1.2387,0,-2.6266e-11,6.6375,0,-5.4747e-11,6.38,0,1.8761e-11,0,0
4.4,-1.4034,0,1.5,-1.3048,0,-2.5718e-11,6.572,0,-5.4923e-11,6.7114,0,1.6507e-11,0,0
4.39,-1.39,0,1.5,-1.3702,0,-2.5168e-11,6.5033,0,-5.5077e-11,7.0353,0,1.4286e-11,0,0
4.38,-1.376,0,1.5,-1.4349,0,-2.4616e-11,6.4313,0,-5.5209e-11,7.352,0,1.2097e-11,0,0
4.37,-1.3613,0,1.5,-1.4988,0,-2.4063e-11,6.3562,0,-5.5319e-11,7.6613,0,9.9417e-12,0,0
4.36,-1.346,0,1.5,-1.562,0,-2.351e-11,6.2781,0,-5.5408e-11,7.9633,0,7.8184e-12,0,0
4.35,-1.3301,0,1.5,-1.6243,0,-2.2955e-11,6.197,0,-5.5476e-11,8.2581,0,5.7276e-12,0,0
4.34,-1.3135,0,1.5,-1.6859,0,-2.24e-11,6.113,0,-5.5523e-11,8.5457,0,3.6689e-12,0,0
4.33,-1.2964,0,1.5,-1.7466,0,-2.1845e-11,6.0261,0,-5.5549e-11,8.8262,0,1.6424e-12,0,0
4.32,-1.2786,0,1.5,-1.8064,0,-2.1289e-11,5.9365,0,-5.5556e-11,9.0994,0,-3.5216e-13,0,0
4.31,-1.2603,0,1.5,-1.8653,0,-2.0734e-11,5.8441,0,-5.5542e-11,9.3656,0,-2.3149e-12,0,0
4.3,-1.2413,0,1.5,-1.9233,0,-2.0179e-11,5.7492,0,-5.5509e-11,9.6248,0,-4.246e-12,0,0
4.29,-1.2218,0,1.5,-1.9803,0,-1.9624e-11,5.6517,0,-5.5457e-11,9.8768,0,-6.1455e-12,0,0
4.28,-1.2017,0,1.5,-2.0363,0,-1.907e-11,5.5517,0,-5.5387e-11,10.122,0,-8.0137e-12,0,0
4.27,-1.1811,0,1.5,-2.0913,0,-1.8516e-11,5.4493,0,-5.5297e-11,10.36,0,-9.8506e-12,0,0
4.26,-1.1599,0,1.5,-2.1453,0,-1.7964e-11,5.3445,0,-5.519e-11,10.591,0,-1.1656e-11,0,0
4.25,-1.1382,0,1.5,-2.1982,0,-1.7412e-11,5.2375,0,-5.5064e-11,10.815,0,-1.3431e-11,0,0
4.24,-1.1159,0,1.5,-2.25,0,-1.6862e-11,5.1282,0,-5.4921e-11,11.033,0,-1.5175e-11,0,0
4.23,-1.0932,0,1.5,-2.3008,0,-1.6314e-11,5.0168,0,-5.4761e-11,11.243,0,-1.6888e-11,0,0
4.22,-1.0699,0,1.5,-2.3504,0,-1.5767e-11,4.9034,0,-5.4583e-11,11.447,0,-1.8571e-11,0,0
4.21,-1.0462,0,1.5,-2.3988,0,-1.5222e-11,4.7879,0,-5.4389e-11,11.644,0,-2.0223e-11,0,0
4.2,-1.0219,0,1.5,-2.4461,0,-1.468e-11,4.6705,0,-5.4179e-11,11.835,0,-2.1845e-11,0,0
4.19,-0.99726,0,1.5,-2.4922,0,-1.4139e-11,4.5512,0,-5.3953e-11,12.018,0,-2.3437e-11,0,0
4.18,-0.97211,0,1.5,-2.5371,0,-1.3601e-11,4.4302,0,-5.371e-11,12.195,0,-2.4999e-11,0,0
4.17,-0.94652,0,1.5,-2.5808,0,-1.3065e-11,4.3073,0,-5.3453e-11,12.365,0,-2.6531e-11,0,0
4.16,-0.9205,0,1.5,-2.6233,0,-1.2532e-11,4.1829,0,-5.318e-11,12.529,0,-2.8034e-11,0,0
4.15,-0.89406,0,1.5,-2.6645,0,-1.2001e-11,4.0568,0,-5.2892e-11,12.686,0,-2.9507e-11,0,0
4.14,-0.86721,0,1.5,-2.7044,0,-1.1474e-11,3.9292,0,-5.259e-11,12.837,0,-3.095e-11,0,0
4.13,-0.83997,0,1.5,-2.743,0,-1.0949e-11,3.8001,0,-5.2273e-11,12.981,0,-3.2364e-11,0,0
4.12,-0.81235,0,1.5,-2.7804,0,-1.0428e-11,3.6696,0,-5.1943e-11,13.119,0,-3.3749e-11,0,0
4.11,-0.78437,0,1.5,-2.8164,0,-9.9106e-12,3.5377,0,-5.1598e-11,13.25,0,-3.5105e-11,0,0
4.1,-0.75603,0,1.5,-2.8511,0,-9.3964e-12,3.4046,0,-5.1241e-11,13.375,0,-3.6432e-11,0,0
4.09,-0.72735,0,1.5,-2.8845,0,-8.8858e-12,3.2702,0,-5.087e-11,13.493,0,-3.773e-11,0,0
4.08,-0.69834,0,1.5,-2.9165,0,-8.379e-12,3.1347,0,-5.0486e-11,13.606,0,-3.9e-11,0,0
4.07,-0.66902,0,1.5,-2.9472,0,-7.8761e-12,2.9981,0,-5.009e-11,13.711,0,-4.0241e-11,0,0
4.06,-0.6394,0,1.5,-2.9765,0,-7.3773e-12,2.8605,0,-4.9681e-11,13.811,0,-4.1454e-11,0,0
4.05,-0.6095,0,1.5,-3.0044,0,-6.8826e-12,2.7219,0,-4.9261e-11,13.905,0,-4.2639e-11,0,0
4.04,-0.57932,0,1.5,-3.0309,0,-6.3921e-12,2.5825,0,-4.8829e-11,13.992,0,-4.3796e-11,0,0
4.03,-0.54888,0,1.5,-3.0561,0,-5.906e-12,2.4421,0,-4.8385e-11,14.073,0,-4.4924e-11,0,0
4.02,-0.5182,0,1.5,-3.0798,0,-5.4244e-12,2.301,0,-4.793e-11,14.148,0,-4.6026e-11,0,0
4.01,-0.48729,0,1.5,-3.1021,0,-4.9474e-12,2.1592,0,-4.7465e-11,14.217,0,-4.7099e-11,0,0
4,-0.45617,0,1.5,-3.123,0,-4.4752e-12,2.0167,0,-4.6988e-11,14.28,0,-4.8145e-11,0,0
3.99,-0.42484,0,1.5,-3.1424,0,-4.0077e-12,1.8736,0,-4.6502e-11,14.336,0,-4.9164e-11,0,0
3.98,-0.39332,0,1.5,-3.1604,0,-3.5452e-12,1.73,0,-4.6005e-11,14.387,0,-5.0155e-11,0,0
3.97,-0.36163,0,1.5,-3.177,0,-3.0876e-12,1.5859,0,-4.5499e-11,14.432,0,-5.112e-11,0,0
3.96,-0.32979,0,1.5,-3.1922,0,-2.6352e-12,1.4414,0,-4.4983e-11,14.471,0,-5.2058e-11,0,0
3.95,-0.2978,0,1.5,-3.2058,0,-2.188e-12,1.2965,0,-4.4458e-11,14.504,0,-5.2968e-11,0,0
3.94,-0.26568,0,1.5,-3.2181,0,-1.7461e-12,1.1513,0,-4.3924e-11,14.532,0,-5.3853e-11,0,0
3.93,-0.23344,0,1.5,-3.2289,0,-1.3096e-12,1.0059,0,-4.3381e-11,14.553,0,-5.471e-11,0,0
3.92,-0.2011,0,1.5,-3.2382,0,-8.7851e-13,0.86027,0,-4.283e-11,14.569,0,-5.5542e-11,0,0
3.91,-0.16868,0,1.5,-3.2461,0,-4.53e-13,0.71453,0,-4.227e-11,14.579,0,-5.6347e-11,0,0
3.9,-0.13619,0,1.5,-3.2525,0,-3.313e-14,0.56872,0,-4.1703e-11,14.583,0,-5.7126e-11,0,0
3.89,-0.10364,0,1.5,-3.2574,0,3.8103e-13,0.42289,0,-4.1128e-11,14.581,0,-5.7879e-11,0,0
3.88,-0.071043,0,1.5,-3.2609,0,7.894e-13,0.27711,0,-4.0545e-11,14.574,0,-5.8607e-11,0,0
3.87,-0.038422,0,1.5,-3.263,0,1.1919e-12,0.13143,0,-3.9956e-11,14.562,0,-5.9308e-11,0,0
3.86,-0.0057878,0,1.5,-3.2636,0,1.5885e-12,-0.014103,0,-3.9359e-11,14.543,0,-5.9985e-11,0,0
3.85,0.026845,0,1.5,-3.2627,0,1.9791e-12,-0.15942,0,-3.8756e-11,14.519,0,-6.0636e-11,0,0
3.84,0.059461,0,1.5,-3.2604,0,2.3636e-12,-0.30447,0,-3.8146e-11,14.49,0,-6.1261e-11,0,0
3.83,0.092048,0,1.5,-3.2566,0,2.742e-12,-0.4492,0,-3.7531e-11,14.455,0,-6.1862e-11,0,0
3.82,0.12459,0,1.5,-3.2514,0,3.1142e-12,-0.59356,0,-3.6909e-11,14.415,0,-6.2438e-11,0,0
3.81,0.15707,0,1.5,-3.2447,0,3.4801e-12,-0.73749,0,-3.6282e-11,14.369,0,-6.2988e-11,0,0
3.8,0.18948,0,1.5,-3.2367,0,3.8398e-12,-0.88093,0,-3.565e-11,14.318,0,-6.3515e-11,0,0
3.79,0.2218,0,1.5,-3.2271,0,4.1931e-12,-1.0238,0,-3.5012e-11,14.262,0,-6.4016e-11,0,0
3.78,0.25402,0,1.5,-3.2162,0,4.54e-12,-1.1662,0,-3.4369e-11,14.2,0,-6.4494e-11,0,0
3.77,0.28612,0,1.5,-3.2038,0,4.8805e-12,-1.3078,0,-3.3722e-11,14.134,0,-6.4947e-11,0,0
3.76,0.31809,0,1.5,-3.19,0,5.2145e-12,-1.4488,0,-3.3071e-11,14.061,0,-6.5376e-11,0,0
3.75,0.34991,0,1.5,-3.1748,0,5.5419e-12,-1.589,0,-3.2415e-11,13.984,0,-6.5781e-11,0,0
3.74,0.38158,0,1.5,-3.1582,0,5.8627e-12,-1.7285,0,-3.1755e-11,13.902,0,-6.6162e-11,0,0
3.73,0.41307,0,1.5,-3.1403,0,6.177e-12,-1.8671,0,-3.1092e-11,13.814,0,-6.6519e-11,0,0
3.72,0.44438,0,1.5,-3.1209,0,6.4846e-12,-2.0047,0,-3.0425e-11,13.721,0,-6.6853e-11,0,0
3.71,0.47549,0,1.5,-3.1002,0,6.7855e-12,-2.1415,0,-2.9755e-11,13.623,0,-6.7164e-11,0,0
3.7,0.50638,0,1.5,-3.0781,0,7.0796e-12,-2.2772,0,-2.9082e-11,13.521,0,-6.7451e-11,0,0
3.69,0.53705,0,1.5,-3.0546,0,7.3671e-12,-2.4119,0,-2.8406e-11,13.413,0,-6.7715e-11,0,0
3.68,0.56747,0,1.5,-3.0299,0,7.6478e-12,-2.5454,0,-2.7727e-11,13.3,0,-6.7957e-11,0,0
3.67,0.59764,0,1.5,-3.0037,0,7.9216e-12,-2.6778,0,-2.7047e-11,13.182,0,-6.8175e-11,0,0
3.66,0.62754,0,1.5,-2.9763,0,8.1887e-12,-2.809,0,-2.6364e-11,13.06,0,-6.8371e-11,0,0
3.65,0.65716,0,1.5,-2.9476,0,8.4489e-12,-2.939,0,-2.5679e-11,12.932,0,-6.8544e-11,0,0
3.64,0.68649,0,1.5,-2.9175,0,8.7023e-12,-3.0677,0,-2.4993e-11,12.8,0,-6.8695e-11,0,0
3.63,0.71551,0,1.5,-2.8862,0,8.9488e-12,-3.195,0,-2.4305e-11,12.663,0,-6.8823e-11,0,0
3.62,0.74421,0,1.5,-2.8536,0,9.1884e-12,-3.3209,0,-2.3617e-11,12.521,0,-6.8929e-11,0,0
3.61,0.77257,0,1.5,-2.8198,0,9.4211e-12,-3.4454,0,-2.2927e-11,12.374,0,-6.9014e-11,0,0
3.6,0.8006,0,1.5,-2.7847,0,9.6469e-12,-3.5684,0,-2.2236e-11,12.223,0,-6.9076e-11,0,0
3.59,0.82826,0,1.5,-2.7484,0,9.8658e-12,-3.6898,0,-2.1545e-11,12.067,0,-6.9117e-11,0,0
3.58,0.85556,0,1.5,-2.7109,0,1.0078e-11,-3.8097,0,-2.0854e-11,11.907,0,-6.9136e-11,0,0
3.57,0.88248,0,1.5,-2.6722,0,1.0283e-11,-3.928,0,-2.0163e-11,11.742,0,-6.9134e-11,0,0
3.56,0.909,0,1.5,-2.6324,0,1.0481e-11,-4.0445,0,-1.9472e-11,11.572,0,-6.911e-11,0,0
3.55,0.93512,0,1.5,-2.5914,0,1.0672e-11,-4.1594,0,-1.8781e-11,11.398,0,-6.9066e-11,0,0
3.54,0.96083,0,1.5,-2.5492,0,1.0857e-11,-4.2725,0,-1.809e-11,11.219,0,-6.9e-11,0,0
3.53,0.9861,0,1.5,-2.5059,0,1.1034e-11,-4.3837,0,-1.7401e-11,11.036,0,-6.8914e-11,0,0
3.52,1.0109,0,1.5,-2.4615,0,1.1205e-11,-4.4932,0,-1.6712e-11,10.848,0,-6.8806e-11,0,0
3.51,1.0353,0,1.5,-2.4161,0,1.1368e-11,-4.6007,0,-1.6025e-11,10.656,0,-6.8678e-11,0,0
3.5,1.0593,0,1.5,-2.3695,0,1.1525e-11,-4.7063,0,-1.5339e-11,10.46,0,-6.853e-11,0,0
3.49,1.0827,0,1.5,-2.3219,0,1.1675e-11,-4.8099,0,-1.4654e-11,10.259,0,-6.8361e-11,0,0
3.48,1.1057,0,1.5,-2.2733,0,1.1818e-11,-4.9115,0,-1.3971e-11,10.055,0,-6.8173e-11,0,0
3.47,1.1282,0,1.5,-2.2237,0,1.1955e-11,-5.011,0,-1.3291e-11,9.8455,0,-6.7964e-11,0,0
3.46,1.1502,0,1.5,-2.1731,0,1.2084e-11,-5.1084,0,-1.2612e-11,9.6322,0,-6.7735e-11,0,0
3.45,1.1716,0,1.5,-2.1216,0,1.2207e-11,-5.2036,0,-1.1936e-11,9.4146,0,-6.7486e-11,0,0
3.44,1.1926,0,1.5,-2.0691,0,1.2323e-11,-5.2966,0,-1.1263e-11,9.193,0,-6.7218e-11,0,0
3.43,1.213,0,1.5,-2.0156,0,1.2432e-11,-5.3874,0,-1.0592e-11,8.9672,0,-6.6931e-11,0,0
3.42,1.2329,0,1.5,-1.9613,0,1.2535e-11,-5.476,0,-9.924e-12,8.7374,0,-6.6624e-11,0,0
3.41,1.2522,0,1.5,-1.9061,0,1.2631e-11,-5.5622,0,-9.2594e-12,8.5035,0,-6.6298e-11,0,0
3.4,1.271,0,1.5,-1.8501,0,1.272e-11,-5.646,0,-8.5982e-12,8.2656,0,-6.5953e-11,0,0
3.39,1.2892,0,1.5,-1.7932,0,1.2803e-11,-5.7275,0,-7.9404e-12,8.0237,0,-6.5589e-11,0,0
3.38,1.3069,0,1.5,-1.7355,0,1.2879e-11,-5.8065,0,-7.2864e-12,7.7779,0,-6.5206e-11,0,0
3.37,1.3239,0,1.5,-1.6771,0,1.2948e-11,-5.883,0,-6.6364e-12,7.5281,0,-6.4804e-11,0,0
3.36,1.3404,0,1.5,-1.6179,0,1.3011e-11,-5.957,0,-5.9904e-12,7.2745,0,-6.4385e-11,0,0
3.35,1.3563,0,1.5,-1.558,0,1.3068e-11,-6.0285,0,-5.3487e-12,7.0171,0,-6.3946e-11,0,0
3.34,1.3716,0,1.5,-1.4973,0,1.3118e-11,-6.0974,0,-4.7116e-12,6.7558,0,-6.349e-11,0,0
3.33,1.3862,0,1.5,-1.436,0,1.3162e-11,-6.1636,0,-4.079e-12,6.4908,0,-6.3015e-11,0,0
3.32,1.4003,0,1.5,-1.3741,0,1.32e-11,-6.2272,0,-3.4513e-12,6.2221,0,-6.2523e-11,0,0
3.31,1.4137,0,1.5,-1.3115,0,1.3231e-11,-6.288,0,-2.8286e-12,5.9496,0,-6.2013e-11,0,0
3.3,1.4265,0,1.5,-1.2483,0,1.3257e-11,-6.3461,0,-2.2111e-12,5.6735,0,-6.1485e-11,0,0
3.29,1.4387,0,1.5,-1.1846,0,1.3276e-11,-6.4015,0,-1.599e-12,5.3937,0,-6.0939e-11,0,0
3.28,1.4502,0,1.5,-1.1203,0,1.3289e-11,-6.454,0,-9.9238e-13,5.1104,0,-6.0377e-11,0,0
3.27,1.4611,0,1.5,-1.0555,0,1.3296e-11,-6.5037,0,-3.915e-13,4.8234,0,-5.9797e-11,0,0
3.26,1.4713,0,1.5,-0.99022,0,1.3296e-11,-6.5505,0,2.0349e-13,4.533,0,-5.92e-11,0,0
3.25,1.4809,0,1.5,-0.9245,0,1.3291e-11,-6.5943,0,7.9243e-13,4.239,0,-5.8586e-11,0,0
3.24,1.4898,0,1.5,-0.85835,0,1.3281e-11,-6.6352,0,1.3751e-12,3.9416,0,-5.7955e-11,0,0
3.23,1.4981,0,1.5,-0.7918,0,1.3264e-11,-6.6731,0,1.9515e-12,3.6407,0,-5.7307e-11,0,0
3.22,1.5056,0,1.5,-0.72489,0,1.3242e-11,-6.708,0,2.5212e-12,3.3365,0,-5.6643e-11,0,0
3.21,1.5126,0,1.5,-0.65765,0,1.3214e-11,-6.7399,0,3.0843e-12,3.0288,0,-5.5963e-11,0,0
3.2,1.5188,0,1.5,-0.59011,0,1.318e-11,-6.7686,0,3.6404e-12,2.7179,0,-5.5266e-11,0,0
3.19,1.5244,0,1.5,-0.52229,0,1.3141e-11,-6.7942,0,4.1896e-12,2.4036,0,-5.4554e-11,0,0
3.18,1.5292,0,1.5,-0.45423,0,1.3096e-11,-6.8167,0,4.7315e-12,2.0861,0,-5.3825e-11,0,0
3.17,1.5334,0,1.5,-0.38597,0,1.3046e-11,-6.8359,0,5.266e-12,1.7654,0,-5.3081e-11,0,0
3.16,1.537,0,1.5,-0.31753,0,1.2991e-11,-6.852,0,5.793e-12,1.4415,0,-5.232e-11,0,0
3.15,1.5398,0,1.5,-0.24894,0,1.293e-11,-6.8647,0,6.3124e-12,1.1144,0,-5.1545e-11,0,0
3.14,1.5419,0,1.5,-0.18024,0,1.2865e-11,-6.8742,0,6.8239e-12,0.78418,0,-5.0754e-11,0,0
3.13,1.5434,0,1.5,-0.11147,0,1.2794e-11,-6.8804,0,7.3274e-12,0.45088,0,-4.9947e-11,0,0
3.12,1.5442,0,1.5,-0.042645,0,1.2718e-11,-6.8832,0,7.8228e-12,0.11452,0,-4.9126e-11,0,0
3.11,1.5443,0,1.5,0.026187,0,1.2637e-11,-6.8827,0,8.3099e-12,-0.22487,0,-4.8289e-11,0,0
3.1,1.5436,0,1.5,0.094997,0,1.2552e-11,-6.8787,0,8.7885e-12,-0.56724,0,-4.7438e-11,0,0
3.09,1.5424,0,1.5,0.16375,0,1.2462e-11,-6.8713,0,9.2586e-12,-0.91257,0,-4.6572e-11,0,0
3.08,1.5404,0,1.5,0.23241,0,1.2367e-11,-6.8605,0,9.7199e-12,-1.2608,0,-4.5691e-11,0,0
3.07,1.5377,0,1.5,0.30095,0,1.2267e-11,-6.8461,0,1.0172e-11,-1.612,0,-4.4797e-11,0,0
3.06,1.5344,0,1.5,0.36932,0,1.2163e-11,-6.8282,0,1.0616e-11,-1.9659,0,-4.3887e-11,0,0
3.05,1.5303,0,1.5,0.4375,0,1.2055e-11,-6.8068,0,1.105e-11,-2.3228,0,-4.2964e-11,0,0
3.04,1.5256,0,1.5,0.50545,0,1.1942e-11,-6.7818,0,1.1475e-11,-2.6824,0,-4.2027e-11,0,0
3.03,1.5202,0,1.5,0.57312,0,1.1826e-11,-6.7531,0,1.1891e-11,-3.0447,0,-4.1075e-11,0,0
3.02,1.5141,0,1.5,0.6405,0,1.1705e-11,-6.7209,0,1.2296e-11,-3.4098,0,-4.011e-11,0,0
3.01,1.5074,0,1.5,0.70753,0,1.158e-11,-6.6849,0,1.2693e-11,-3.7775,0,-3.9132e-11,0,0
3,1.5,0,1.5,0.77418,0,1.1451e-11,-6.6453,0,1.3079e-11,-4.1479,0,-3.814e-11,0,0
2.99,1.4919,0,1.5,0.84042,0,1.1655e-11,-6.602,0,1.3721e-11,-4.5154,0,-3.7156e-11,0,0
2.98,1.4832,0,1.5,0.90621,0,1.1516e-11,-6.555,0,1.4088e-11,-4.8743,0,-3.6168e-11,0,0
2.97,1.4738,0,1.5,0.97151,0,1.1373e-11,-6.5045,0,1.4445e-11,-5.2248,0,-3.5188e-11,0,0
2.96,1.4638,0,1.5,1.0363,0,1.1227e-11,-6.4506,0,1.4792e-11,-5.567,0,-3.4215e-11,0,0
2.95,1.4531,0,1.5,1.1005,0,1.1077e-11,-6.3932,0,1.5129e-11,-5.9008,0,-3.3249e-11,0,0
2.94,1.4417,0,1.5,1.1641,0,1.0924e-11,-6.3326,0,1.5457e-11,-6.2264,0,-3.229e-11,0,0
2.93,1.4298,0,1.5,1.2272,0,1.0768e-11,-6.2687,0,1.5775e-11,-6.5437,0,-3.1339e-11,0,0
2.92,1.4172,0,1.5,1.2895,0,1.0609e-11,-6.2017,0,1.6083e-11,-6.8529,0,-3.0395e-11,0,0
2.91,1.404,0,1.5,1.3512,0,1.0446e-11,-6.1317,0,1.6383e-11,-7.154,0,-2.9458e-11,0,0
2.9,1.3902,0,1.5,1.4121,0,1.0281e-11,-6.0587,0,1.6673e-11,-7.4471,0,-2.8528e-11,0,0
2.89,1.3758,0,1.5,1.4723,0,1.0113e-11,-5.9828,0,1.6953e-11,-7.7321,0,-2.7605e-11,0,0
2.88,1.3607,0,1.5,1.5318,0,9.9421e-12,-5.904,0,1.7225e-11,-8.0092,0,-2.6689e-11,0,0
2.87,1.3451,0,1.5,1.5904,0,9.7685e-12,-5.8226,0,1.7487e-11,-8.2785,0,-2.5781e-11,0,0
2.86,1.3289,0,1.5,1.6482,0,9.5924e-12,-5.7385,0,1.774e-11,-8.5399,0,-2.4879e-11,0,0
2.85,1.3122,0,1.5,1.7052,0,9.4137e-12,-5.6518,0,1.7985e-11,-8.7935,0,-2.3985e-11,0,0
2.84,1.2948,0,1.5,1.7612,0,9.2327e-12,-5.5627,0,1.822e-11,-9.0394,0,-2.3098e-11,0,0
2.83,1.2769,0,1.5,1.8164,0,9.0494e-12,-5.4711,0,1.8447e-11,-9.2777,0,-2.2217e-11,0,0
2.82,1.2585,0,1.5,1.8707,0,8.8638e-12,-5.3771,0,1.8664e-11,-9.5083,0,-2.1344e-11,0,0
2.81,1.2395,0,1.5,1.924,0,8.6761e-12,-5.2809,0,1.8873e-11,-9.7314,0,-2.0477e-11,0,0
2.8,1.22,0,1.5,1.9763,0,8.4864e-12,-5.1825,0,1.9074e-11,-9.947,0,-1.9618e-11,0,0
2.79,1.2,0,1.5,2.0276,0,8.2947e-12,-5.082,0,1.9266e-11,-10.155,0,-1.8765e-11,0,0
2.78,1.1795,0,1.5,2.0779,0,8.1011e-12,-4.9795,0,1.9449e-11,-10.356,0,-1.7919e-11,0,0
2.77,1.1585,0,1.5,2.1272,0,7.9057e-12,-4.8749,0,1.9624e-11,-10.549,0,-1.708e-11,0,0
2.76,1.1369,0,1.5,2.1754,0,7.7086e-12,-4.7685,0,1.9791e-11,-10.735,0,-1.6248e-11,0,0
2.75,1.115,0,1.5,2.2225,0,7.5099e-12,-4.6602,0,1.9949e-11,-10.914,0,-1.5423e-11,0,0
2.74,1.0925,0,1.5,2.2686,0,7.3097e-12,-4.5502,0,2.0099e-11,-11.086,0,-1.4605e-11,0,0
2.73,1.0696,0,1.5,2.3135,0,7.108e-12,-4.4385,0,2.0241e-11,-11.251,0,-1.3793e-11,0,0
2.72,1.0462,0,1.5,2.3574,0,6.9049e-12,-4.3252,0,2.0375e-11,-11.408,0,-1.2988e-11,0,0
2.71,1.0224,0,1.5,2.4,0,6.7005e-12,-4.2104,0,2.0501e-11,-11.559,0,-1.219e-11,0,0
2.7,0.99824,0,1.5,2.4416,0,6.4949e-12,-4.0941,0,2.0619e-11,-11.702,0,-1.1399e-11,0,0
2.69,0.97362,0,1.5,2.4819,0,6.2881e-12,-3.9764,0,2.0729e-11,-11.839,0,-1.0614e-11,0,0
2.68,0.9486,0,1.5,2.5211,0,6.0803e-12,-3.8573,0,2.0831e-11,-11.969,0,-9.8364e-12,0,0
2.67,0.9232,0,1.5,2.5591,0,5.8715e-12,-3.737,0,2.0926e-11,-12.092,0,-9.0651e-12,0,0
2.66,0.89742,0,1.5,2.5958,0,5.6618e-12,-3.6155,0,2.1013e-11,-12.209,0,-8.3004e-12,0,0
2.65,0.87129,0,1.5,2.6314,0,5.4513e-12,-3.4929,0,2.1092e-11,-12.318,0,-7.5424e-12,0,0
2.64,0.8448,0,1.5,2.6657,0,5.24e-12,-3.3692,0,2.1164e-11,-12.421,0,-6.7909e-12,0,0
2.63,0.81798,0,1.5,2.6987,0,5.028e-12,-3.2445,0,2.1228e-11,-12.518,0,-6.0461e-12,0,0
2.62,0.79083,0,1.5,2.7306,0,4.8155e-12,-3.1188,0,2.1285e-11,-12.608,0,-5.3078e-12,0,0
2.61,0.76337,0,1.5,2.7611,0,4.6024e-12,-2.9923,0,2.1334e-11,-12.691,0,-4.576e-12,0,0
2.6,0.73561,0,1.5,2.7904,0,4.3888e-12,-2.865,0,2.1376e-11,-12.769,0,-3.8507e-12,0,0
2.59,0.70757,0,1.5,2.8184,0,4.1749e-12,-2.737,0,2.1411e-11,-12.839,0,-3.132e-12,0,0
2.58,0.67925,0,1.5,2.8451,0,3.9606e-12,-2.6082,0,2.1439e-11,-12.904,0,-2.4197e-12,0,0
2.57,0.65067,0,1.5,2.8706,0,3.7461e-12,-2.4789,0,2.1459e-11,-12.962,0,-1.7138e-12,0,0
2.56,0.62184,0,1.5,2.8947,0,3.5315e-12,-2.349,0,2.1473e-11,-13.014,0,-1.0144e-12,0,0
2.55,0.59278,0,1.5,2.9176,0,3.3167e-12,-2.2186,0,2.148e-11,-13.06,0,-3.214e-13,0,0
2.54,0.56349,0,1.5,2.9391,0,3.1019e-12,-2.0878,0,2.148e-11,-13.1,0,3.6522e-13,0,0
2.53,0.534,0,1.5,2.9593,0,2.8871e-12,-1.9567,0,2.1472e-11,-13.134,0,1.0455e-12,0,0
2.52,0.50431,0,1.5,2.9782,0,2.6725e-12,-1.8252,0,2.1459e-11,-13.162,0,1.7194e-12,0,0
2.51,0.47444,0,1.5,2.9958,0,2.458e-12,-1.6934,0,2.1438e-11,-13.184,0,2.387e-12,0,0
2.5,0.4444,0,1.5,3.0121,0,2.2437e-12,-1.5615,0,2.1411e-11,-13.2,0,3.0483e-12,0,0
2.49,0.4142,0,1.5,3.027,0,2.0298e-12,-1.4295,0,2.1377e-11,-13.21,0,3.7033e-12,0,0
2.48,0.38386,0,1.5,3.0407,0,1.8162e-12,-1.2973,0,2.1337e-11,-13.215,0,4.352e-12,0,0
2.47,0.35339,0,1.5,3.053,0,1.6031e-12,-1.1652,0,2.129e-11,-13.214,0,4.9945e-12,0,0
2.46,0.32281,0,1.5,3.064,0,1.3904e-12,-1.0331,0,2.1237e-11,-13.207,0,5.6308e-12,0,0
2.45,0.29212,0,1.5,3.0737,0,1.1783e-12,-0.90106,0,2.1178e-11,-13.195,0,6.2609e-12,0,0
2.44,0.26134,0,1.5,3.082,0,9.6689e-13,-0.76919,0,2.1112e-11,-13.177,0,6.8848e-12,0,0
2.43,0.23048,0,1.5,3.089,0,7.5613e-13,-0.63753,0,2.104e-11,-13.154,0,7.5025e-12,0,0
2.42,0.19956,0,1.5,3.0948,0,5.4611e-13,-0.50613,0,2.0962e-11,-13.125,0,8.1141e-12,0,0
2.41,0.16859,0,1.5,3.0992,0,3.3691e-13,-0.37504,0,2.0878e-11,-13.091,0,8.7196e-12,0,0
2.4,0.13758,0,1.5,3.1023,0,1.2858e-13,-0.24432,0,2.0787e-11,-13.052,0,9.3191e-12,0,0
2.39,0.10655,0,1.5,3.1041,0,-7.8816e-14,-0.11402,0,2.0691e-11,-13.007,0,9.9124e-12,0,0
2.38,0.075507,0,1.5,3.1045,0,-2.8522e-13,0.015808,0,2.0589e-11,-12.958,0,1.05e-11,0,0
2.37,0.044465,0,1.5,3.1037,0,-4.9058e-13,0.14511,0,2.0481e-11,-12.903,0,1.1081e-11,0,0
2.36,0.013437,0,1.5,3.1016,0,-6.9483e-13,0.27384,0,2.0368e-11,-12.843,0,1.1656e-11,0,0
2.35,-0.017564,0,1.5,3.0983,0,-8.9791e-13,0.40195,0,2.0248e-11,-12.778,0,1.2226e-11,0,0
2.34,-0.048524,0,1.5,3.0936,0,-1.0998e-12,0.52938,0,2.0123e-11,-12.708,0,1.2789e-11,0,0
2.33,-0.079432,0,1.5,3.0877,0,-1.3004e-12,0.65609,0,1.9992e-11,-12.633,0,1.3346e-11,0,0
2.32,-0.11027,0,1.5,3.0805,0,-1.4996e-12,0.78202,0,1.9856e-11,-12.553,0,1.3898e-11,0,0
2.31,-0.14104,0,1.5,3.072,0,-1.6975e-12,0.90713,0,1.9714e-11,-12.468,0,1.4443e-11,0,0
2.3,-0.17171,0,1.5,3.0623,0,-1.8939e-12,1.0314,0,1.9567e-11,-12.379,0,1.4983e-11,0,0
2.29,-0.20228,0,1.5,3.0514,0,-2.0888e-12,1.1547,0,1.9415e-11,-12.285,0,1.5517e-11,0,0
2.28,-0.23273,0,1.5,3.0393,0,-2.2822e-12,1.2771,0,1.9257e-11,-12.186,0,1.6045e-11,0,0
2.27,-0.26306,0,1.5,3.0259,0,-2.4739e-12,1.3984,0,1.9094e-11,-12.083,0,1.6567e-11,0,0
2.26,-0.29325,0,1.5,3.0113,0,-2.664e-12,1.5187,0,1.8926e-11,-11.975,0,1.7083e-11,0,0
2.25,-0.32328,0,1.5,2.9955,0,-2.8524e-12,1.6379,0,1.8752e-11,-11.863,0,1.7594e-11,0,0
2.24,-0.35315,0,1.5,2.9785,0,-3.039e-12,1.7559,0,1.8574e-11,-11.746,0,1.8099e-11,0,0
2.23,-0.38285,0,1.5,2.9604,0,-3.2239e-12,1.8728,0,1.839e-11,-11.625,0,1.8598e-11,0,0
2.22,-0.41236,0,1.5,2.9411,0,-3.4068e-12,1.9884,0,1.8202e-11,-11.5,0,1.9091e-11,0,0
2.21,-0.44167,0,1.5,2.9206,0,-3.5879e-12,2.1028,0,1.8009e-11,-11.37,0,1.9579e-11,0,0
2.2,-0.47077,0,1.5,2.899,0,-3.767e-12,2.2158,0,1.781e-11,-11.236,0,2.0061e-11,0,0
2.19,-0.49964,0,1.5,2.8763,0,-3.9441e-12,2.3275,0,1.7607e-11,-11.098,0,2.0537e-11,0,0
2.18,-0.52829,0,1.5,2.8525,0,-4.1191e-12,2.4378,0,1.74e-11,-10.956,0,2.1008e-11,0,0
2.17,-0.55669,0,1.5,2.8276,0,-4.2921e-12,2.5466,0,1.7187e-11,-10.81,0,2.1473e-11,0,0
2.16,-0.58484,0,1.5,2.8016,0,-4.4628e-12,2.654,0,1.697e-11,-10.66,0,2.1933e-11,0,0
2.15,-0.61272,0,1.5,2.7745,0,-4.6314e-12,2.7598,0,1.6749e-11,-10.506,0,2.2387e-11,0,0
2.14,-0.64032,0,1.5,2.7464,0,-4.7978e-12,2.8641,0,1.6522e-11,-10.348,0,2.2835e-11,0,0
2.13,-0.66764,0,1.5,2.7172,0,-4.9619e-12,2.9667,0,1.6292e-11,-10.186,0,2.3278e-11,0,0
2.12,-0.69466,0,1.5,2.687,0,-5.1236e-12,3.0678,0,1.6057e-11,-10.021,0,2.3715e-11,0,0
2.11,-0.72138,0,1.5,2.6559,0,-5.283e-12,3.1672,0,1.5818e-11,-9.8516,0,2.4147e-11,0,0
2.1,-0.74778,0,1.5,2.6237,0,-5.44e-12,3.2648,0,1.5574e-11,-9.6787,0,2.4574e-11,0,0
2.09,-0.77385,0,1.5,2.5906,0,-5.5945e-12,3.3607,0,1.5326e-11,-9.5022,0,2.4995e-11,0,0
2.08,-0.79959,0,1.5,2.5565,0,-5.7465e-12,3.4548,0,1.5074e-11,-9.3222,0,2.5411e-11,0,0
2.07,-0.82498,0,1.5,2.5215,0,-5.8959e-12,3.5471,0,1.4818e-11,-9.1387,0,2.5821e-11,0,0
2.06,-0.85001,0,1.5,2.4856,0,-6.0428e-12,3.6376,0,1.4558e-11,-8.9518,0,2.6226e-11,0,0
2.05,-0.87469,0,1.5,2.4487,0,-6.1871e-12,3.7262,0,1.4293e-11,-8.7614,0,2.6625e-11,0,0
2.04,-0.89898,0,1.5,2.411,0,-6.3287e-12,3.8128,0,1.4025e-11,-8.5678,0,2.7019e-11,0,0
2.03,-0.9229,0,1.5,2.3725,0,-6.4676e-12,3.8975,0,1.3753e-11,-8.3709,0,2.7408e-11,0,0
2.02,-0.94643,0,1.5,2.3331,0,-6.6037e-12,3.9802,0,1.3477e-11,-8.1707,0,2.7792e-11,0,0
2.01,-0.96956,0,1.5,2.2929,0,-6.7371e-12,4.0609,0,1.3197e-11,-7.9674,0,2.817e-11,0,0
2,-0.99229,0,1.5,2.2519,0,-6.8677e-12,4.1396,0,1.2914e-11,-7.761,0,2.8543e-11,0,0
1.99,-1.0146,0,1.5,2.2101,0,-6.9954e-12,4.2161,0,1.2626e-11,-7.5516,0,2.8911e-11,0,0
1.98,-1.0365,0,1.5,2.1676,0,-7.1202e-12,4.2906,0,1.2336e-11,-7.3391,0,2.9274e-11,0,0
1.97,-1.0579,0,1.5,2.1243,0,-7.2421e-12,4.3629,0,1.2041e-11,-7.1237,0,2.9631e-11,0,0
1.96,-1.079,0,1.5,2.0803,0,-7.361e-12,4.4331,0,1.1743e-11,-6.9055,0,2.9984e-11,0,0
1.95,-1.0996,0,1.5,2.0356,0,-7.4769e-12,4.501,0,1.1441e-11,-6.6843,0,3.0331e-11,0,0
1.94,-1.1197,0,1.5,1.9903,0,-7.5898e-12,4.5667,0,1.1136e-11,-6.4605,0,3.0673e-11,0,0
1.93,-1.1394,0,1.5,1.9443,0,-7.6996e-12,4.6302,0,1.0828e-11,-6.2339,0,3.101e-11,0,0
1.92,-1.1586,0,1.5,1.8977,0,-7.8063e-12,4.6914,0,1.0516e-11,-6.0046,0,3.1342e-11,0,0
1.91,-1.1773,0,1.5,1.8505,0,-7.9099e-12,4.7503,0,1.0201e-11,-5.7727,0,3.1668e-11,0,0
1.9,-1.1956,0,1.5,1.8027,0,-8.0104e-12,4.8068,0,9.8828e-12,-5.5382,0,3.199e-11,0,0
1.89,-1.2134,0,1.5,1.7544,0,-8.1076e-12,4.861,0,9.5613e-12,-5.3013,0,3.2307e-11,0,0
1.88,-1.2307,0,1.5,1.7055,0,-8.2016e-12,4.9129,0,9.2367e-12,-5.0619,0,3.2619e-11,0,0
1.87,-1.2475,0,1.5,1.6561,0,-8.2923e-12,4.9623,0,8.9089e-12,-4.8201,0,3.2925e-11,0,0
1.86,-1.2638,0,1.5,1.6063,0,-8.3797e-12,5.0093,0,8.5782e-12,-4.576,0,3.3227e-11,0,0
1.85,-1.2796,0,1.5,1.5559,0,-8.4639e-12,5.0538,0,8.2444e-12,-4.3296,0,3.3524e-11,0,0
1.84,-1.2949,0,1.5,1.5052,0,-8.5446e-12,5.0958,0,7.9077e-12,-4.081,0,3.3816e-11,0,0
1.83,-1.3097,0,1.5,1.454,0,-8.622e-12,5.1354,0,7.5681e-12,-3.8302,0,3.4103e-11,0,0
1.82,-1.324,0,1.5,1.4025,0,-8.696e-12,5.1724,0,7.2256e-12,-3.5772,0,3.4386e-11,0,0
1.81,-1.3377,0,1.5,1.3506,0,-8.7665e-12,5.2069,0,6.8804e-12,-3.3223,0,3.4663e-11,0,0
1.8,-1.351,0,1.5,1.2984,0,-8.8336e-12,5.2389,0,6.5324e-12,-3.0653,0,3.4936e-11,0,0
1.79,-1.3637,0,1.5,1.2458,0,-8.8971e-12,5.2682,0,6.1817e-12,-2.8063,0,3.5203e-11,0,0
1.78,-1.3759,0,1.5,1.193,0,-8.9572e-12,5.295,0,5.8283e-12,-2.5455,0,3.5466e-11,0,0
1.77,-1.3876,0,1.5,1.1399,0,-9.0137e-12,5.3191,0,5.4724e-12,-2.2828,0,3.5725e-11,0,0
1.76,-1.3987,0,1.5,1.0866,0,-9.0666e-12,5.3406,0,5.1139e-12,-2.0183,0,3.5978e-11,0,0
1.75,-1.4093,0,1.5,1.0331,0,-9.116e-12,5.3595,0,4.7528e-12,-1.7521,0,3.6227e-11,0,0
1.74,-1.4194,0,1.5,0.97945,0,-9.1617e-12,5.3757,0,4.3893e-12,-1.4842,0,3.6471e-11,0,0
1.73,-1.4289,0,1.5,0.92563,0,-9.2037e-12,5.3892,0,4.0234e-12,-1.2147,0,3.671e-11,0,0
1.72,-1.4379,0,1.5,0.87168,0,-9.2421e-12,5.4,0,3.6552e-12,-0.94361,0,3.6945e-11,0,0
1.71,-1.4463,0,1.5,0.81764,0,-9.2768e-12,5.408,0,3.2846e-12,-0.67102,0,3.7175e-11,0,0
1.7,-1.4542,0,1.5,0.76353,0,-9.3078e-12,5.4134,0,2.9117e-12,-0.39696,0,3.7401e-11,0,0
1.69,-1.4616,0,1.5,0.70938,0,-9.3351e-12,5.416,0,2.5366e-12,-0.12151,0,3.7622e-11,0,0
1.68,-1.4684,0,1.5,0.65522,0,-9.3585e-12,5.4158,0,2.1592e-12,0.1553,0,3.7838e-11,0,0
1.67,-1.4747,0,1.5,0.60107,0,-9.3782e-12,5.4129,0,1.7798e-12,0.4334,0,3.805e-11,0,0
1.66,-1.4804,0,1.5,0.54697,0,-9.3941e-12,5.4071,0,1.3983e-12,0.71274,0,3.8257e-11,0,0
1.65,-1.4856,0,1.5,0.49294,0,-9.4062e-12,5.3986,0,1.0147e-12,0.99326,0,3.846e-11,0,0
1.64,-1.4903,0,1.5,0.43901,0,-9.4144e-12,5.3873,0,6.2909e-13,1.2749,0,3.8658e-11,0,0
1.63,-1.4944,0,1.5,0.3852,0,-9.4188e-12,5.3731,0,2.4153e-13,1.5576,0,3.8852e-11,0,0
1.62,-1.498,0,1.5,0.33155,0,-9.4192e-12,5.3561,0,-1.4794e-13,1.8414,0,3.9041e-11,0,0
1.61,-1.501,0,1.5,0.27809,0,-9.4158e-12,5.3363,0,-5.3928e-13,2.1261,0,3.9226e-11,0,0
1.6,-1.5036,0,1.5,0.22484,0,-9.4085e-12,5.3136,0,-9.3245e-13,2.4117,0,3.9407e-11,0,0
1.59,-1.5055,0,1.5,0.17183,0,-9.3972e-12,5.288,0,-1.3274e-12,2.6982,0,3.9583e-11,0,0
1.58,-1.507,0,1.5,0.11909,0,-9.3819e-12,5.2596,0,-1.7241e-12,2.9855,0,3.9755e-11,0,0
1.57,-1.5079,0,1.5,0.066645,0,-9.3627e-12,5.2283,0,-2.1225e-12,3.2735,0,3.9922e-11,0,0
1.56,-1.5083,0,1.5,0.01453,0,-9.3394e-12,5.1941,0,-2.5225e-12,3.5622,0,4.0085e-11,0,0
1.55,-1.5082,0,1.5,-0.037229,0,-9.3122e-12,5.1571,0,-2.9242e-12,3.8516,0,4.0244e-11,0,0
1.54,-1.5076,0,1.5,-0.088602,0,-9.281e-12,5.1171,0,-3.3274e-12,4.1415,0,4.0399e-11,0,0
1.53,-1.5065,0,1.5,-0.13956,0,-9.2457e-12,5.0742,0,-3.7321e-12,4.4319,0,4.0549e-11,0,0
1.52,-1.5048,0,1.5,-0.19008,0,-9.2063e-12,5.0285,0,-4.1384e-12,4.7229,0,4.0695e-11,0,0
1.51,-1.5027,0,1.5,-0.24012,0,-9.1629e-12,4.9798,0,-4.546e-12,5.0142,0,4.0837e-11,0,0
1.5,-1.5,0,1.5,-0.28966,0,-9.1154e-12,4.9282,0,-4.9551e-12,5.3059,0,4.0975e-11,0,0
1.49,-1.4969,0,1.5,-0.33867,0,-9.096e-12,4.8737,0,-5.3034e-12,5.5931,0,4.0975e-11,0,0
1.48,-1.4932,0,1.5,-0.38713,0,-9.0409e-12,4.8164,0,-5.7135e-12,5.871,0,4.1045e-11,0,0
1.47,-1.4891,0,1.5,-0.43499,0,-8.9817e-12,4.7563,0,-6.1241e-12,6.1398,0,4.1072e-11,0,0
1.46,-1.4845,0,1.5,-0.48224,0,-8.9184e-12,4.6936,0,-6.5348e-12,6.3994,0,4.1057e-11,0,0
1.45,-1.4795,0,1.5,-0.52886,0,-8.851e-12,4.6283,0,-6.9452e-12,6.65,0,4.1e-11,0,0
1.44,-1.474,0,1.5,-0.5748,0,-8.7795e-12,4.5606,0,-7.3547e-12,6.8916,0,4.0902e-11,0,0
1.43,-1.468,0,1.5,-0.62006,0,-8.7039e-12,4.4905,0,-7.7631e-12,7.1244,0,4.0764e-11,0,0
1.42,-1.4616,0,1.5,-0.66461,0,-8.6243e-12,4.4182,0,-8.1699e-12,7.3484,0,4.0587e-11,0,0
1.41,-1.4547,0,1.5,-0.70842,0,-8.5405e-12,4.3436,0,-8.5747e-12,7.5636,0,4.037e-11,0,0
1.4,-1.4474,0,1.5,-0.75147,0,-8.4528e-12,4.2669,0,-8.9771e-12,7.7702,0,4.0115e-11,0,0
1.39,-1.4397,0,1.5,-0.79375,0,-8.361e-12,4.1882,0,-9.3768e-12,7.9683,0,3.9822e-11,0,0
1.38,-1.4315,0,1.5,-0.83523,0,-8.2653e-12,4.1076,0,-9.7734e-12,8.1578,0,3.9492e-11,0,0
1.37,-1.423,0,1.5,-0.87589,0,-8.1655e-12,4.0251,0,-1.0167e-11,8.339,0,3.9126e-11,0,0
1.36,-1.414,0,1.5,-0.91572,0,-8.0619e-12,3.9408,0,-1.0556e-11,8.5119,0,3.8724e-11,0,0
1.35,-1.4047,0,1.5,-0.9547,0,-7.9544e-12,3.8549,0,-1.0941e-11,8.6765,0,3.8287e-11,0,0
1.34,-1.3949,0,1.5,-0.99282,0,-7.8431e-12,3.7673,0,-1.1321e-11,8.833,0,3.7815e-11,0,0
1.33,-1.3848,0,1.5,-1.03,0,-7.728e-12,3.6782,0,-1.1697e-11,8.9813,0,3.731e-11,0,0
1.32,-1.3743,0,1.5,-1.0664,0,-7.6092e-12,3.5877,0,-1.2068e-11,9.1217,0,3.6772e-11,0,0
1.31,-1.3635,0,1.5,-1.1018,0,-7.4867e-12,3.4958,0,-1.2432e-11,9.2542,0,3.6202e-11,0,0
1.3,-1.3523,0,1.5,-1.1363,0,-7.3606e-12,3.4027,0,-1.2791e-11,9.3788,0,3.5599e-11,0,0
1.29,-1.3408,0,1.5,-1.1698,0,-7.2309e-12,3.3083,0,-1.3144e-11,9.4956,0,3.4966e-11,0,0
1.28,-1.3289,0,1.5,-1.2025,0,-7.0977e-12,3.2128,0,-1.3491e-11,9.6048,0,3.4302e-11,0,0
1.27,-1.3167,0,1.5,-1.2341,0,-6.9611e-12,3.1162,0,-1.383e-11,9.7063,0,3.3608e-11,0,0
1.26,-1.3042,0,1.5,-1.2648,0,-6.8211e-12,3.0187,0,-1.4163e-11,9.8003,0,3.2885e-11,0,0
1.25,-1.2914,0,1.5,-1.2945,0,-6.6779e-12,2.9202,0,-1.4488e-11,9.8869,0,3.2133e-11,0,0
1.24,-1.2783,0,1.5,-1.3232,0,-6.5314e-12,2.821,0,-1.4805e-11,9.9661,0,3.1354e-11,0,0
1.23,-1.265,0,1.5,-1.3509,0,-6.3818e-12,2.7209,0,-1.5115e-11,10.038,0,3.0548e-11,0,0
1.22,-1.2513,0,1.5,-1.3776,0,-6.2291e-12,2.6202,0,-1.5416e-11,10.103,0,2.9715e-11,0,0
1.21,-1.2374,0,1.5,-1.4033,0,-6.0735e-12,2.5189,0,-1.5709e-11,10.16,0,2.8856e-11,0,0
1.2,-1.2232,0,1.5,-1.428,0,-5.915e-12,2.417,0,-1.5993e-11,10.211,0,2.7972e-11,0,0
1.19,-1.2088,0,1.5,-1.4516,0,-5.7537e-12,2.3147,0,-1.6268e-11,10.254,0,2.7063e-11,0,0
1.18,-1.1942,0,1.5,-1.4743,0,-5.5896e-12,2.212,0,-1.6534e-11,10.291,0,2.6131e-11,0,0
1.17,-1.1794,0,1.5,-1.4959,0,-5.423e-12,2.1089,0,-1.6791e-11,10.321,0,2.5175e-11,0,0
1.16,-1.1643,0,1.5,-1.5164,0,-5.2539e-12,2.0056,0,-1.7038e-11,10.344,0,2.4196e-11,0,0
1.15,-1.149,0,1.5,-1.536,0,-5.0823e-12,1.9021,0,-1.7275e-11,10.361,0,2.3196e-11,0,0
1.14,-1.1336,0,1.5,-1.5545,0,-4.9084e-12,1.7984,0,-1.7502e-11,10.37,0,2.2175e-11,0,0
1.13,-1.118,0,1.5,-1.5719,0,-4.7323e-12,1.6947,0,-1.7718e-11,10.374,0,2.1133e-11,0,0
1.12,-1.1022,0,1.5,-1.5884,0,-4.5541e-12,1.5909,0,-1.7924e-11,10.371,0,2.007e-11,0,0
1.11,-1.0862,0,1.5,-1.6038,0,-4.3738e-12,1.4873,0,-1.812e-11,10.361,0,1.8989e-11,0,0
1.1,-1.0701,0,1.5,-1.6181,0,-4.1917e-12,1.3837,0,-1.8304e-11,10.346,0,1.7889e-11,0,0
1.09,-1.0538,0,1.5,-1.6314,0,-4.0078e-12,1.2804,0,-1.8477e-11,10.324,0,1.6771e-11,0,0
1.08,-1.0375,0,1.5,-1.6437,0,-3.8222e-12,1.1773,0,-1.8639e-11,10.296,0,1.5636e-11,0,0
1.07,-1.021,0,1.5,-1.655,0,-3.635e-12,1.0745,0,-1.879e-11,10.262,0,1.4484e-11,0,0
1.06,-1.0044,0,1.5,-1.6652,0,-3.4464e-12,0.97205,0,-1.8929e-11,10.222,0,1.3316e-11,0,0
1.05,-0.98766,0,1.5,-1.6744,0,-3.2565e-12,0.87004,0,-1.9056e-11,10.177,0,1.2132e-11,0,0
1.04,-0.97087,0,1.5,-1.6826,0,-3.0654e-12,0.76853,0,-1.9172e-11,10.125,0,1.0934e-11,0,0
1.03,-0.95401,0,1.5,-1.6898,0,-2.8731e-12,0.66756,0,-1.9275e-11,10.068,0,9.7218e-12,0,0
1.02,-0.93708,0,1.5,-1.696,0,-2.6799e-12,0.56719,0,-1.9366e-11,10.005,0,8.4963e-12,0,0
1.01,-0.92009,0,1.5,-1.7011,0,-2.4858e-12,0.46747,0,-1.9445e-11,9.9369,0,7.258e-12,0,0
1,-0.90306,0,1.5,-1.7053,0,-2.291e-12,0.36847,0,-1.9511e-11,9.8631,0,6.0076e-12,0,0
0.99,-0.88599,0,1.5,-1.7085,0,-2.0957e-12,0.27023,0,-1.9565e-11,9.7839,0,4.7458e-12,0,0
0.98,-0.86889,0,1.5,-1.7107,0,-1.8998e-12,0.17281,0,-1.9606e-11,9.6994,0,3.4733e-12,0,0
0.97,-0.85178,0,1.5,-1.712,0,-1.7036e-12,0.076256,0,-1.9634e-11,9.6097,0,2.1906e-12,0,0
0.96,-0.83466,0,1.5,-1.7123,0,-1.5071e-12,-0.019371,0,-1.965e-11,9.5148,0,8.985e-13,0,0
0.95,-0.81754,0,1.5,-1.7116,0,-1.3106e-12,-0.11402,0,-1.9652e-11,9.4149,0,-4.0241e-13,0,0
0.94,-0.80043,0,1.5,-1.71,0,-1.1141e-12,-0.20765,0,-1.9642e-11,9.3099,0,-1.7115e-12,0,0
0.93,-0.78334,0,1.5,-1.7074,0,-9.1784e-13,-0.30021,0,-1.9618e-11,9.2001,0,-3.028e-12,0,0
0.92,-0.76628,0,1.5,-1.704,0,-7.2183e-13,-0.39164,0,-1.9581e-11,9.0854,0,-4.3513e-12,0,0
0.91,-0.74927,0,1.5,-1.6996,0,-5.2626e-13,-0.4819,0,-1.9531e-11,8.966,0,-5.6809e-12,0,0
0.9,-0.73229,0,1.5,-1.6943,0,-3.3126e-13,-0.57094,0,-1.9467e-11,8.8419,0,-7.0159e-12,0,0
0.89,-0.71538,0,1.5,-1.6882,0,-1.3696e-13,-0.65872,0,-1.9391e-11,8.7132,0,-8.3558e-12,0,0
0.88,-0.69853,0,1.5,-1.6812,0,5.6507e-14,-0.74519,0,-1.93e-11,8.58,0,-9.6999e-12,0,0
0.87,-0.68176,0,1.5,-1.6733,0,2.49e-13,-0.83031,0,-1.9197e-11,8.4424,0,-1.1048e-11,0,0
0.86,-0.66507,0,1.5,-1.6646,0,4.4039e-13,-0.91403,0,-1.9079e-11,8.3004,0,-1.2398e-11,0,0
0.85,-0.64847,0,1.5,-1.655,0,6.3054e-13,-0.9963,0,-1.8949e-11,8.1542,0,-1.3751e-11,0,0
0.84,-0.63197,0,1.5,-1.6447,0,8.1932e-13,-1.0771,0,-1.8804e-11,8.0037,0,-1.5105e-11,0,0
0.83,-0.61558,0,1.5,-1.6335,0,1.0066e-12,-1.1564,0,-1.8646e-11,7.8492,0,-1.646e-11,0,0
0.82,-0.59931,0,1.5,-1.6215,0,1.1922e-12,-1.2341,0,-1.8475e-11,7.6906,0,-1.7816e-11,0,0
0.81,-0.58315,0,1.5,-1.6088,0,1.376e-12,-1.3102,0,-1.829e-11,7.528,0,-1.9171e-11,0,0
0.8,-0.56713,0,1.5,-1.5953,0,1.558e-12,-1.3846,0,-1.8092e-11,7.3616,0,-2.0525e-11,0,0
0.79,-0.55125,0,1.5,-1.5811,0,1.7378e-12,-1.4574,0,-1.788e-11,7.1914,0,-2.1877e-11,0,0
0.78,-0.53551,0,1.5,-1.5662,0,1.9155e-12,-1.5284,0,-1.7654e-11,7.0174,0,-2.3227e-11,0,0
0.77,-0.51993,0,1.5,-1.5506,0,2.0909e-12,-1.5977,0,-1.7415e-11,6.8398,0,-2.4574e-11,0,0
0.76,-0.5045,0,1.5,-1.5342,0,2.2638e-12,-1.6652,0,-1.7163e-11,6.6587,0,-2.5917e-11,0,0
0.75,-0.48924,0,1.5,-1.5173,0,2.4341e-12,-1.7309,0,-1.6897e-11,6.4741,0,-2.7256e-11,0,0
0.74,-0.47416,0,1.5,-1.4996,0,2.6017e-12,-1.7947,0,-1.6618e-11,6.286,0,-2.859e-11,0,0
0.73,-0.45925,0,1.5,-1.4814,0,2.7664e-12,-1.8566,0,-1.6325e-11,6.0947,0,-2.9919e-11,0,0
0.72,-0.44453,0,1.5,-1.4625,0,2.9281e-12,-1.9166,0,-1.6019e-11,5.9001,0,-3.1241e-11,0,0
0.71,-0.43001,0,1.5,-1.4431,0,3.0867e-12,-1.9746,0,-1.57e-11,5.7023,0,-3.2556e-11,0,0
0.7,-0.41567,0,1.5,-1.423,0,3.2421e-12,-2.0306,0,-1.5368e-11,5.5015,0,-3.3863e-11,0,0
0.69,-0.40155,0,1.5,-1.4024,0,3.394e-12,-2.0846,0,-1.5023e-11,5.2977,0,-3.5162e-11,0,0
0.68,-0.38763,0,1.5,-1.3813,0,3.5425e-12,-2.1365,0,-1.4665e-11,5.0909,0,-3.6452e-11,0,0
0.67,-0.37392,0,1.5,-1.3597,0,3.6873e-12,-2.1864,0,-1.4294e-11,4.8813,0,-3.7733e-11,0,0
0.66,-0.36043,0,1.5,-1.3376,0,3.8283e-12,-2.2342,0,-1.391e-11,4.6689,0,-3.9003e-11,0,0
0.65,-0.34717,0,1.5,-1.315,0,3.9655e-12,-2.2798,0,-1.3514e-11,4.4538,0,-4.0263e-11,0,0
0.64,-0.33414,0,1.5,-1.292,0,4.0986e-12,-2.3232,0,-1.3105e-11,4.2361,0,-4.1511e-11,0,0
0.63,-0.32133,0,1.5,-1.2686,0,4.2275e-12,-2.3645,0,-1.2684e-11,4.0159,0,-4.2746e-11,0,0
0.62,-0.30876,0,1.5,-1.2447,0,4.3522e-12,-2.4035,0,-1.225e-11,3.7933,0,-4.3969e-11,0,0
0.61,-0.29644,0,1.5,-1.2205,0,4.4725e-12,-2.4404,0,-1.1804e-11,3.5683,0,-4.5178e-11,0,0
0.6,-0.28436,0,1.5,-1.1959,0,4.5883e-12,-2.4749,0,-1.1347e-11,3.341,0,-4.6373e-11,0,0
0.59,-0.27252,0,1.5,-1.171,0,4.6994e-12,-2.5072,0,-1.0877e-11,3.1114,0,-4.7554e-11,0,0
0.58,-0.26094,0,1.5,-1.1458,0,4.8058e-12,-2.5371,0,-1.0396e-11,2.8798,0,-4.8718e-11,0,0
0.57,-0.2496,0,1.5,-1.1203,0,4.9073e-12,-2.5648,0,-9.9027e-12,2.6461,0,-4.9867e-11,0,0
0.56,-0.23853,0,1.5,-1.0945,0,5.0038e-12,-2.59,0,-9.3984e-12,2.4104,0,-5.0999e-11,0,0
0.55,-0.22772,0,1.5,-1.0685,0,5.0952e-12,-2.613,0,-8.8828e-12,2.1728,0,-5.2113e-11,0,0
0.54,-0.21716,0,1.5,-1.0423,0,5.1814e-12,-2.6335,0,-8.3562e-12,1.9334,0,-5.3209e-11,0,0
0.53,-0.20687,0,1.5,-1.0158,0,5.2623e-12,-2.6516,0,-7.8187e-12,1.6923,0,-5.4287e-11,0,0
0.52,-0.19684,0,1.5,-0.98925,0,5.3377e-12,-2.6673,0,-7.2705e-12,1.4495,0,-5.5345e-11,0,0
0.51,-0.18709,0,1.5,-0.96251,0,5.4076e-12,-2.6806,0,-6.7119e-12,1.2051,0,-5.6382e-11,0,0
0.5,-0.17759,0,1.5,-0.93565,0,5.4719e-12,-2.6914,0,-6.1429e-12,0.95928,0,-5.74e-11,0,0
0.49,-0.16837,0,1.5,-0.90869,0,5.5305e-12,-2.6998,0,-5.5639e-12,0.712,0,-5.8395e-11,0,0
0.48,-0.15942,0,1.5,-0.88166,0,5.5832e-12,-2.7057,0,-4.9751e-12,0.46339,0,-5.9369e-11,0,0
0.47,-0.15074,0,1.5,-0.85458,0,5.6299e-12,-2.709,0,-4.3766e-12,0.21351,0,-6.032e-11,0,0
0.46,-0.14233,0,1.5,-0.82749,0,5.6707e-12,-2.7099,0,-3.7688e-12,-0.03754,0,-6.1247e-11,0,0
0.45,-0.13419,0,1.5,-0.80039,0,5.7053e-12,-2.7083,0,-3.1518e-12,-0.28969,0,-6.2151e-11,0,0
0.44,-0.12632,0,1.5,-0.77333,0,5.7337e-12,-2.7041,0,-2.5258e-12,-0.54287,0,-6.303e-11,0,0
0.43,-0.11872,0,1.5,-0.74632,0,5.7558e-12,-2.6974,0,-1.8913e-12,-0.79699,0,-6.3883e-11,0,0
0.42,-0.1114,0,1.5,-0.71939,0,5.7715e-12,-2.6882,0,-1.2483e-12,-1.052,0,-6.4711e-11,0,0
0.41,-0.10434,0,1.5,-0.69256,0,5.7807e-12,-2.6764,0,-5.9713e-13,-1.3077,0,-6.5512e-11,0,0
0.4,-0.097543,0,1.5,-0.66587,0,5.7834e-12,-2.662,0,6.1874e-14,-1.5642,0,-6.6285e-11,0,0
0.39,-0.091018,0,1.5,-0.63933,0,5.7795e-12,-2.6451,0,7.2848e-13,-1.8213,0,-6.7031e-11,0,0
0.38,-0.084756,0,1.5,-0.61298,0,5.7688e-12,-2.6256,0,1.4024e-12,-2.0789,0,-6.7747e-11,0,0
0.37,-0.078757,0,1.5,-0.58683,0,5.7514e-12,-2.6035,0,2.0833e-12,-2.337,0,-6.8435e-11,0,0
0.36,-0.073019,0,1.5,-0.56091,0,5.7271e-12,-2.5789,0,2.771e-12,-2.5955,0,-6.9093e-11,0,0
0.35,-0.067538,0,1.5,-0.53526,0,5.6959e-12,-2.5516,0,3.4651e-12,-2.8543,0,-6.972e-11,0,0
0.34,-0.062313,0,1.5,-0.50989,0,5.6578e-12,-2.5218,0,4.1653e-12,-3.1133,0,-7.0316e-11,0,0
0.33,-0.057339,0,1.5,-0.48483,0,5.6126e-12,-2.4893,0,4.8713e-12,-3.3725,0,-7.0879e-11,0,0
0.32,-0.052615,0,1.5,-0.46011,0,5.5603e-12,-2.4543,0,5.5828e-12,-3.6318,0,-7.1411e-11,0,0
0.31,-0.048136,0,1.5,-0.43576,0,5.5009e-12,-2.4167,0,6.2994e-12,-3.891,0,-7.1909e-11,0,0
0.3,-0.043899,0,1.5,-0.41179,0,5.4343e-12,-2.3765,0,7.0208e-12,-4.1501,0,-7.2373e-11,0,0
0.29,-0.039899,0,1.5,-0.38823,0,5.3605e-12,-2.3337,0,7.7467e-12,-4.4091,0,-7.2803e-11,0,0
0.28,-0.036132,0,1.5,-0.36512,0,5.2794e-12,-2.2883,0,8.4768e-12,-4.6678,0,-7.3197e-11,0,0
0.27,-0.032595,0,1.5,-0.34248,0,5.191e-12,-2.2403,0,9.2106e-12,-4.9262,0,-7.3556e-11,0,0
0.26,-0.029281,0,1.5,-0.32032,0,5.0952e-12,-2.1898,0,9.9478e-12,-5.1842,0,-7.3878e-11,0,0
0.25,-0.026187,0,1.5,-0.29869,0,4.992e-12,-2.1367,0,1.0688e-11,-5.4417,0,-7.4163e-11,0,0
0.24,-0.023306,0,1.5,-0.2776,0,4.8814e-12,-2.081,0,1.1431e-11,-5.6987,0,-7.441e-11,0,0
0.23,-0.020633,0,1.5,-0.25708,0,4.7634e-12,-2.0227,0,1.2176e-11,-5.955,0,-7.4619e-11,0,0
0.22,-0.018162,0,1.5,-0.23715,0,4.6379e-12,-1.9619,0,1.2923e-11,-6.2105,0,-7.4788e-11,0,0
0.21,-0.015888,0,1.5,-0.21785,0,4.5049e-12,-1.8985,0,1.3672e-11,-6.4653,0,-7.4918e-11,0,0
0.2,-0.013803,0,1.5,-0.19919,0,4.3644e-12,-1.8326,0,1.4421e-11,-6.7192,0,-7.5007e-11,0,0
0.19,-0.011901,0,1.5,-0.18121,0,4.2165e-12,-1.7641,0,1.5172e-11,-6.9721,0,-7.5055e-11,0,0
0.18,-0.010176,0,1.5,-0.16392,0,4.061e-12,-1.6931,0,1.5922e-11,-7.224,0,-7.5062e-11,0,0
0.17,-0.0086207,0,1.5,-0.14735,0,3.898e-12,-1.6196,0,1.6673e-11,-7.4748,0,-7.5026e-11,0,0
0.16,-0.0072269,0,1.5,-0.13153,0,3.7276e-12,-1.5436,0,1.7423e-11,-7.7243,0,-7.4947e-11,0,0
0.15,-0.0059874,0,1.5,-0.11649,0,3.5496e-12,-1.4651,0,1.8172e-11,-7.9726,0,-7.4824e-11,0,0
0.14,-0.0048945,0,1.5,-0.10224,0,3.3641e-12,-1.3842,0,1.8919e-11,-8.2195,0,-7.4657e-11,0,0
0.13,-0.0039399,0,1.5,-0.088813,0,3.1712e-12,-1.3008,0,1.9665e-11,-8.465,0,-7.4444e-11,0,0
0.12,-0.0031154,0,1.5,-0.076233,0,2.9708e-12,-1.2149,0,2.0408e-11,-8.709,0,-7.4187e-11,0,0
0.11,-0.0024123,0,1.5,-0.064523,0,2.7631e-12,-1.1266,0,2.1148e-11,-8.9514,0,-7.3882e-11,0,0
0.1,-0.0018219,0,1.5,-0.053709,0,2.5479e-12,-1.0359,0,2.1885e-11,-9.1921,0,-7.3531e-11,0,0
0.09,-0.0013351,0,1.5,-0.043814,0,2.3254e-12,-0.94275,0,2.2619e-11,-9.431,0,-7.3132e-11,0,0
0.08,-0.0009425,0,1.5,-0.034862,0,2.0955e-12,-0.84725,0,2.3348e-11,-9.6681,0,-7.2685e-11,0,0
0.07,-0.00063463,0,1.5,-0.026877,0,1.8584e-12,-0.74939,0,2.4072e-11,-9.9033,0,-7.2188e-11,0,0
0.06,-0.00040167,0,1.5,-0.019882,0,1.6141e-12,-0.64919,0,2.4791e-11,-10.137,0,-7.1642e-11,0,0
0.05,-0.00023361,0,1.5,-0.013901,0,1.3626e-12,-0.54667,0,2.5505e-11,-10.368,0,-7.1046e-11,0,0
0.04,-0.0001202,0,1.5,-0.008956,0,1.104e-12,-0.44185,0,2.6212e-11,-10.597,0,-7.0399e-11,0,0
0.03,-5.0961e-05,0,1.5,-0.0050712,0,8.384e-13,-0.33475,0,2.6913e-11,-10.823,0,-6.97e-11,0,0
0.02,-1.5173e-05,0,1.5,-0.0022686,0,5.658e-13,-0.22539,0,2.7606e-11,-11.048,0,-6.8949e-11,0,0
0.01,-1.9058e-06,0,1.5,-0.00057082,0,2.8631e-13,-0.1138,0,2.8291e-11,-11.27,0,-6.8145e-11,0,0
0,0,0,1.5,0,0,0,0,0,2.8969e-11,-11.489,0,-6.7287e-11,0,0
