7.7,9.4,4.5,3,5.9117e-12,2.6148e-12,1.819e-12,2.1828e-11,-1.5916e-11,6.5484e-11,5.8208e-11,-1.4552e-11,-1.3097e-10,0,0
7.69,9.4,4.5,3,9.0167e-07,4.7609e-08,-6.3966e-08,-0.0003581,-1.8897e-05,2.5244e-05,0.10615,0.0055967,-0.0074092,0,0
7.68,9.4,4.5,3,1.4021e-05,7.3878e-07,-9.7142e-07,-0.0027642,-0.0001455,0.00018927,0.40473,0.02127,-0.027163,0,0
7.67,9.4,4.5,3,6.8982e-05,3.6279e-06,-4.6707e-06,-0.0090004,-0.0004727,0.00059874,0.86772,0.04547,-0.056004,0,0
7.66,9.4,4.5,3,0.00021187,1.1124e-05,-1.4023e-05,-0.020581,-0.0010787,0.0013306,1.4694,0.076812,-0.091231,0,0
7.65,9.4,4.5,3,0.00050266,2.635e-05,-3.2534e-05,-0.038773,-0.0020286,0.0024373,2.1863,0.11406,-0.13065,0,0
7.64,9.4,4.5,3,0.0010129,5.3021e-05,-6.4129e-05,-0.06462,-0.0033758,0.0039516,2.9969,0.15611,-0.17251,0,0
7.63,9.4,4.5,3,0.0018234,9.5335e-05,-0.00011298,-0.098958,-0.0051635,0.005891,3.8816,0.20198,-0.21547,0,0
7.62,9.3999,4.5,3,0.0030225,0.00015787,-0.00018339,-0.14244,-0.0074254,0.0082613,4.8227,0.25084,-0.25855,0,0
7.61,9.3999,4.5,3,0.0047043,0.00024551,-0.00027964,-0.19555,-0.010188,0.01106,5.8041,0.30191,-0.3011,0,0
7.6,9.3999,4.5,3,0.0069667,0.00036336,-0.000406,-0.25861,-0.013469,0.01428,6.8112,0.35456,-0.34273,0,0
7.59,9.3998,4.5,3,0.0099103,0.00051666,-0.00056662,-0.33181,-0.017282,0.017911,7.8312,0.40822,-0.38329,0,0
7.58,9.3997,4.5,3,0.013637,0.0007108,-0.00076556,-0.41523,-0.021635,0.021943,8.8523,0.46242,-0.42287,0,0
7.57,9.3995,4.5,3,0.018249,0.00095118,-0.0010068,-0.50883,-0.026531,0.026366,9.8643,0.51674,-0.4617,0,0
7.56,9.3993,4.5,3,0.023847,0.0012432,-0.0012942,-0.61246,-0.031969,0.031176,10.858,0.57086,-0.50018,0,0
7.55,9.399,4.4999,3.0001,0.030531,0.0015924,-0.0016316,-0.7259,-0.037947,0.03637,11.826,0.62448,-0.53883,0,0
7.54,9.3987,4.4999,3.0001,0.038397,0.0020039,-0.0020229,-0.84886,-0.044457,0.041955,12.76,0.67739,-0.57826,0,0
7.53,9.3982,4.4999,3.0001,0.047539,0.0024832,-0.002472,-0.98097,-0.051491,0.04794,13.655,0.72942,-0.61916,0,0
7.52,9.3977,4.4999,3.0001,0.058045,0.0030355,-0.0029831,-1.1218,-0.059041,0.054345,14.506,0.78042,-0.66229,0,0
7.51,9.3971,4.4998,3.0002,0.070003,0.0036658,-0.0035604,-1.2709,-0.067096,0.061196,15.309,0.8303,-0.70841,0,0
7.5,9.3963,4.4998,3.0002,0.08349,0.004379,-0.0042086,-1.4278,-0.075644,0.068526,16.059,0.87901,-0.75832,0,0
7.49,9.3954,4.4998,3.0002,0.098583,0.0051802,-0.0049327,-1.5919,-0.084672,0.076378,16.755,0.9265,-0.81283,0,0
7.48,9.3943,4.4997,3.0003,0.11535,0.0060741,-0.0057381,-1.7627,-0.09417,0.084801,17.393,0.97277,-0.87272,0,0
7.47,9.3931,4.4996,3.0004,0.13386,0.0070651,-0.0066308,-1.9396,-0.10412,0.093853,17.973,1.0178,-0.93877,0,0
7.46,9.3916,4.4996,3.0004,0.15416,0.008158,-0.0076174,-2.122,-0.11452,0.1036,18.494,1.0617,-1.0117,0,0
7.45,9.39,4.4995,3.0005,0.17631,0.009357,-0.0087053,-2.3093,-0.12535,0.11411,18.954,1.1045,-1.0922,0,0
7.44,9.3881,4.4994,3.0006,0.20036,0.010666,-0.0099025,-2.5009,-0.13661,0.12547,19.354,1.1461,-1.1809,0,0
7.43,9.386,4.4993,3.0007,0.22634,0.012091,-0.011218,-2.6962,-0.14827,0.13776,19.694,1.1867,-1.2784,0,0
7.42,9.3836,4.4991,3.0008,0.2543,0.013633,-0.012661,-2.8946,-0.16034,0.15107,19.974,1.2264,-1.3852,0,0
7.41,9.3809,4.499,3.001,0.28424,0.015299,-0.014243,-3.0954,-0.1728,0.1655,20.196,1.2652,-1.5018,0,0
7.4,9.3779,4.4988,3.0011,0.31621,0.017091,-0.015975,-3.2983,-0.18564,0.18114,20.36,1.3032,-1.6285,0,0
7.39,9.3746,4.4986,3.0013,0.35021,0.019013,-0.01787,-3.5025,-0.19886,0.1981,20.468,1.3405,-1.7656,0,0
7.38,9.3709,4.4984,3.0015,0.38626,0.021069,-0.019942,-3.7074,-0.21245,0.21649,20.521,1.3771,-1.9133,0,0
7.37,9.3668,4.4982,3.0017,0.42436,0.023263,-0.022205,-3.9127,-0.2264,0.2364,20.522,1.4132,-2.0718,0,0
7.36,9.3624,4.498,3.0019,0.46452,0.025598,-0.024675,-4.1177,-0.24071,0.25796,20.472,1.4487,-2.2412,0,0
7.35,9.3575,4.4977,3.0022,0.50671,0.028078,-0.02737,-4.322,-0.25537,0.28126,20.374,1.4838,-2.4213,0,0
7.34,9.3522,4.4974,3.0025,0.55095,0.030707,-0.030307,-4.525,-0.27039,0.30642,20.228,1.5185,-2.6122,0,0
7.33,9.3465,4.4971,3.0028,0.59721,0.033487,-0.033505,-4.7264,-0.28574,0.33354,20.039,1.5529,-2.8135,0,0
7.32,9.3403,4.4967,3.0031,0.64547,0.036423,-0.036985,-4.9257,-0.30144,0.36273,19.808,1.5869,-3.0251,0,0
7.31,9.3336,4.4964,3.0035,0.69571,0.039517,-0.040767,-5.1224,-0.31748,0.39408,19.536,1.6207,-3.2467,0,0
7.3,9.3264,4.496,3.0039,0.74791,0.042774,-0.044874,-5.3163,-0.33386,0.42769,19.228,1.6543,-3.4777,0,0
7.29,9.3186,4.4955,3.0044,0.80203,0.046195,-0.049328,-5.5069,-0.35057,0.46366,18.884,1.6877,-3.7179,0,0
7.28,9.3103,4.495,3.0049,0.85804,0.049786,-0.054155,-5.6939,-0.36761,0.50208,18.508,1.721,-3.9665,0,0
7.27,9.3015,4.4945,3.0055,0.91589,0.053549,-0.059378,-5.8769,-0.38498,0.54302,18.102,1.754,-4.223,0,0
7.26,9.292,4.494,3.0061,0.97556,0.057487,-0.065024,-6.0558,-0.40269,0.58656,17.667,1.7868,-4.4869,0,0
7.25,9.2819,4.4934,3.0068,1.037,0.061604,-0.071119,-6.2302,-0.42072,0.63278,17.207,1.8195,-4.7572,0,0
7.24,9.2713,4.4927,3.0076,1.1001,0.065902,-0.077689,-6.3999,-0.43908,0.68173,16.723,1.8519,-5.0334,0,0
7.23,9.2599,4.492,3.0084,1.165,0.070386,-0.084762,-6.5646,-0.45776,0.73346,16.217,1.8842,-5.3145,0,0
7.22,9.248,4.4913,3.0092,1.2314,0.075059,-0.092367,-6.7241,-0.47676,0.78803,15.692,1.9161,-5.5998,0,0
7.21,9.2353,4.4905,3.0102,1.2994,0.079922,-0.10053,-6.8784,-0.49608,0.84547,15.15,1.9477,-5.8883,0,0
7.2,9.222,4.4897,3.0113,1.369,0.084981,-0.10929,-7.0271,-0.51571,0.9058,14.592,1.979,-6.1793,0,0
7.19,9.2079,4.4888,3.0124,1.44,0.090238,-0.11866,-7.1701,-0.53566,0.96906,14.02,2.0099,-6.4716,0,0
7.18,9.1932,4.4879,3.0136,1.5124,0.095695,-0.12868,-7.3074,-0.55591,1.0352,13.437,2.0403,-6.7644,0,0
7.17,9.1777,4.4869,3.015,1.5861,0.10136,-0.13937,-7.4388,-0.57646,1.1043,12.843,2.0702,-7.0568,0,0
7.16,9.1614,4.4859,3.0164,1.6611,0.10723,-0.15077,-7.5643,-0.59731,1.1764,12.24,2.0994,-7.3477,0,0
7.15,9.1444,4.4848,3.018,1.7374,0.1133,-0.16291,-7.6836,-0.61845,1.2513,11.63,2.128,-7.6361,0,0
7.14,9.1267,4.4836,3.0197,1.8148,0.1196,-0.17581,-7.7968,-0.63987,1.3291,11.014,2.1559,-7.9211,0,0
7.13,9.1081,4.4824,3.0215,1.8933,0.1261,-0.1895,-7.9039,-0.66156,1.4097,10.394,2.1829,-8.2016,0,0
7.12,9.0888,4.4811,3.0235,1.9728,0.13283,-0.20401,-8.0047,-0.68352,1.4931,9.7697,2.209,-8.4768,0,0
7.11,9.0687,4.4797,3.0256,2.0533,0.13977,-0.21937,-8.0993,-0.70574,1.5792,9.1435,2.2341,-8.7456,0,0
7.1,9.0477,4.4783,3.0279,2.1348,0.14694,-0.23561,-8.1876,-0.7282,1.668,8.5161,2.2582,-9.0071,0,0
7.09,9.026,4.4768,3.0303,2.2171,0.15434,-0.25274,-8.2696,-0.7509,1.7593,7.8883,2.2811,-9.2603,0,0
7.08,9.0034,4.4752,3.0329,2.3002,0.16196,-0.2708,-8.3453,-0.77382,1.8532,7.2611,2.3027,-9.5045,0,0
7.07,8.98,4.4736,3.0357,2.384,0.16982,-0.28981,-8.4148,-0.79695,1.9494,6.6351,2.323,-9.7385,0,0
7.06,8.9557,4.4718,3.0387,2.4684,0.1779,-0.3098,-8.478,-0.82027,2.0479,6.0112,2.3418,-9.9617,0,0
7.05,8.9306,4.47,3.0419,2.5535,0.18622,-0.33078,-8.5351,-0.84378,2.1486,5.3898,2.3591,-10.173,0,0
7.04,8.9046,4.4681,3.0453,2.6391,0.19478,-0.35277,-8.5859,-0.86745,2.2513,4.7715,2.3749,-10.372,0,0
7.03,8.8778,4.4661,3.049,2.7252,0.20357,-0.37581,-8.6305,-0.89127,2.356,4.1568,2.389,-10.558,0,0
7.02,8.8501,4.464,3.0529,2.8117,0.2126,-0.3999,-8.669,-0.91523,2.4624,3.5462,2.4013,-10.73,0,0
7.01,8.8216,4.4618,3.057,2.8986,0.22188,-0.42506,-8.7014,-0.93929,2.5705,2.9399,2.4118,-10.887,0,0
7,8.7922,4.4596,3.0614,2.9857,0.23139,-0.45132,-8.7278,-0.96346,2.6801,2.3382,2.4204,-11.03,0,0
6.99,8.7619,4.4572,3.066,3.0731,0.24115,-0.47867,-8.7482,-0.98769,2.7911,1.7414,2.427,-11.156,0,0
6.98,8.7307,4.4548,3.0709,3.1607,0.25114,-0.50714,-8.7627,-1.012,2.9032,1.1497,2.4316,-11.266,0,0
6.97,8.6987,4.4522,3.0762,3.2483,0.26139,-0.53674,-8.7712,-1.0363,3.0163,0.56312,2.4341,-11.36,0,0
6.96,8.6657,4.4495,3.0817,3.3361,0.27187,-0.56747,-8.7739,-1.0607,3.1303,-0.018142,2.4345,-11.436,0,0
6.95,8.6319,4.4468,3.0875,3.4238,0.2826,-0.59935,-8.7709,-1.085,3.245,-0.59406,2.4326,-11.495,0,0
6.94,8.5973,4.4439,3.0937,3.5115,0.29357,-0.63237,-8.7621,-1.1093,3.3602,-1.1646,2.4285,-11.536,0,0
6.93,8.5617,4.4409,3.1002,3.599,0.30478,-0.66655,-8.7476,-1.1336,3.4757,-1.7298,2.4222,-11.559,0,0
6.92,8.5253,4.4378,3.107,3.6864,0.31624,-0.70189,-8.7275,-1.1577,3.5913,-2.2896,2.4135,-11.564,0,0
6.91,8.488,4.4346,3.1142,3.7735,0.32794,-0.73838,-8.7018,-1.1818,3.7069,-2.8441,2.4025,-11.551,0,0
6.9,8.4498,4.4312,3.1218,3.8604,0.33988,-0.77602,-8.6706,-1.2058,3.8223,-3.3934,2.3892,-11.519,0,0
6.89,8.4108,4.4278,3.1297,3.9469,0.35205,-0.81482,-8.634,-1.2296,3.9372,-3.9376,2.3735,-11.468,0,0
6.88,8.3709,4.4242,3.1381,4.0331,0.36447,-0.85477,-8.5919,-1.2532,4.0516,-4.4766,2.3554,-11.399,0,0
6.87,8.3301,4.4205,3.1468,4.1188,0.37712,-0.89585,-8.5445,-1.2767,4.1651,-5.0108,2.3349,-11.312,0,0
6.86,8.2885,4.4166,3.156,4.2039,0.39,-0.93807,-8.4917,-1.2999,4.2777,-5.54,2.312,-11.206,0,0
6.85,8.246,4.4127,3.1656,4.2886,0.40312,-0.9814,-8.4337,-1.3229,4.3892,-6.0645,2.2868,-11.082,0,0
6.84,8.2027,4.4086,3.1756,4.3726,0.41646,-1.0258,-8.3704,-1.3457,4.4993,-6.5844,2.2592,-10.94,0,0
6.83,8.1586,4.4043,3.1861,4.456,0.43003,-1.0714,-8.302,-1.3681,4.6079,-7.0996,2.2292,-10.78,0,0
6.82,8.1136,4.4,3.1971,4.5386,0.44382,-1.118,-8.2285,-1.3902,4.7149,-7.6104,2.197,-10.603,0,0
6.81,8.0678,4.3955,3.2085,4.6205,0.45783,-1.1657,-8.1498,-1.412,4.8199,-8.1167,2.1625,-10.409,0,0
6.8,8.0212,4.3908,3.2204,4.7016,0.47206,-1.2144,-8.0661,-1.4335,4.923,-8.6187,2.1257,-10.198,0,0
6.79,7.9738,4.386,3.2328,4.7818,0.4865,-1.2641,-7.9775,-1.4545,5.0238,-9.1163,2.0868,-9.9702,0,0
6.78,7.9256,4.3811,3.2457,4.8611,0.50115,-1.3149,-7.8838,-1.4752,5.1223,-9.6096,2.0457,-9.7269,0,0
6.77,7.8766,4.376,3.2591,4.9395,0.516,-1.3666,-7.7853,-1.4955,5.2183,-10.099,2.0025,-9.4682,0,0
6.76,7.8268,4.3708,3.273,5.0168,0.53106,-1.4192,-7.6819,-1.5153,5.3116,-10.583,1.9573,-9.1945,0,0
6.75,7.7762,4.3654,3.2875,5.0931,0.54631,-1.4728,-7.5736,-1.5346,5.4022,-11.064,1.9101,-8.9064,0,0
6.74,7.7249,4.3598,3.3025,5.1683,0.56175,-1.5273,-7.4606,-1.5535,5.4897,-11.54,1.861,-8.6044,0,0
6.73,7.6729,4.3541,3.318,5.2423,0.57738,-1.5826,-7.3428,-1.5718,5.5742,-12.011,1.8101,-8.2892,0,0
6.72,7.6201,4.3483,3.3341,5.3151,0.59318,-1.6387,-7.2204,-1.5896,5.6555,-12.478,1.7574,-7.9612,0,0
6.71,7.5666,4.3423,3.3508,5.3867,0.60917,-1.6957,-7.0933,-1.6069,5.7334,-12.94,1.703,-7.6212,0,0
6.7,7.5124,4.3361,3.368,5.457,0.62532,-1.7534,-6.9616,-1.6237,5.8079,-13.397,1.647,-7.2696,0,0
6.69,7.4574,4.3298,3.3859,5.5259,0.64164,-1.8118,-6.8254,-1.6399,5.8787,-13.849,1.5894,-6.9071,0,0
6.68,7.4018,4.3233,3.4043,5.5935,0.65812,-1.8709,-6.6847,-1.6555,5.946,-14.295,1.5305,-6.5344,0,0
6.67,7.3456,4.3166,3.4233,5.6596,0.67475,-1.9307,-6.5395,-1.6705,6.0094,-14.736,1.4701,-6.1521,0,0
6.66,7.2887,4.3098,3.4429,5.7242,0.69152,-1.9911,-6.39,-1.6849,6.069,-15.171,1.4085,-5.7608,0,0
6.65,7.2311,4.3028,3.4631,5.7874,0.70844,-2.0521,-6.2361,-1.6987,6.1246,-15.6,1.3457,-5.3611,0,0
6.64,7.1729,4.2956,3.4839,5.8489,0.72549,-2.1136,-6.078,-1.7118,6.1762,-16.023,1.2818,-4.9536,0,0
6.63,7.1141,4.2883,3.5054,5.9089,0.74268,-2.1756,-5.9157,-1.7243,6.2236,-16.439,1.2169,-4.539,0,0
6.62,7.0547,4.2808,3.5274,5.9672,0.75998,-2.2381,-5.7492,-1.7361,6.2669,-16.847,1.151,-4.1179,0,0
6.61,6.9948,4.2731,3.5501,6.0239,0.7774,-2.3009,-5.5787,-1.7473,6.306,-17.248,1.0844,-3.6908,0,0
6.6,6.9343,4.2652,3.5735,6.0788,0.79492,-2.3642,-5.4043,-1.7578,6.3407,-17.641,1.0169,-3.2583,0,0
6.59,6.8732,4.2572,3.5974,6.132,0.81255,-2.4277,-5.226,-1.7676,6.3711,-18.025,0.9488,-2.821,0,0
6.58,6.8116,4.249,3.622,6.1833,0.83027,-2.4916,-5.0438,-1.7768,6.3971,-18.401,0.88009,-2.3793,0,0
6.57,6.7496,4.2406,3.6473,6.2328,0.84808,-2.5557,-4.858,-1.7852,6.4187,-18.767,0.81088,-1.9339,0,0
6.56,6.687,4.232,3.6731,6.2805,0.86597,-2.6199,-4.6685,-1.793,6.4358,-19.123,0.74123,-1.4852,0,0
6.55,6.6239,4.2232,3.6997,6.3262,0.88394,-2.6844,-4.4755,-1.8001,6.4484,-19.47,0.67122,-1.0336,0,0
6.54,6.5605,4.2143,3.7268,6.37,0.90197,-2.7489,-4.2792,-1.8064,6.4565,-19.805,0.60093,-0.5795,0,0
6.53,6.4966,4.2052,3.7546,6.4118,0.92007,-2.8135,-4.0795,-1.8121,6.46,-20.129,0.53043,-0.1234,0,0
6.52,6.4322,4.1959,3.7831,6.4515,0.93821,-2.8781,-3.8766,-1.817,6.4589,-20.441,0.45978,0.33437,0,0
6.51,6.3675,4.1864,3.8122,6.4893,0.95641,-2.9426,-3.6707,-1.8213,6.4533,-20.741,0.38904,0.79349,0,0
6.5,6.3025,4.1768,3.8419,6.5249,0.97464,-3.0071,-3.4618,-1.8248,6.4431,-21.028,0.31828,1.2537,0,0
6.49,6.237,4.1669,3.8723,6.5585,0.9929,-3.0715,-3.2502,-1.8276,6.4282,-21.301,0.24754,1.7146,0,0
6.48,6.1713,4.1569,3.9034,6.5899,1.0112,-3.1357,-3.0359,-1.8298,6.4088,-21.561,0.17688,2.1761,0,0
6.47,6.1052,4.1467,3.935,6.6192,1.0295,-3.1996,-2.819,-1.8312,6.3847,-21.806,0.10634,2.638,0,0
6.46,6.0389,4.1363,3.9674,6.6463,1.0478,-3.2633,-2.5998,-1.8319,6.356,-22.037,0.035966,3.1,0,0
6.45,5.9723,4.1258,4.0003,6.6712,1.0661,-3.3267,-2.3783,-1.8319,6.3227,-22.252,-0.034204,3.5621,0,0
6.44,5.9055,4.115,4.0339,6.6939,1.0844,-3.3898,-2.1548,-1.8312,6.2848,-22.451,-0.10414,4.0242,0,0
6.43,5.8385,4.1041,4.0681,6.7143,1.1027,-3.4524,-1.9294,-1.8298,6.2422,-22.634,-0.17381,4.4862,0,0
6.42,5.7712,4.093,4.1029,6.7325,1.121,-3.5146,-1.7022,-1.8277,6.195,-22.8,-0.2432,4.9481,0,0
6.41,5.7038,4.0817,4.1384,6.7483,1.1393,-3.5763,-1.4734,-1.825,6.1432,-22.949,-0.31227,5.4099,0,0
6.4,5.6363,4.0702,4.1745,6.7619,1.1575,-3.6375,-1.2432,-1.8215,6.0868,-23.081,-0.38103,5.8716,0,0
6.39,5.5686,4.0585,4.2111,6.7732,1.1757,-3.698,-1.0119,-1.8173,6.0258,-23.195,-0.44946,6.3333,0,0
6.38,5.5008,4.0467,4.2484,6.7822,1.1939,-3.758,-0.77941,-1.8125,5.9602,-23.29,-0.51754,6.795,0,0
6.37,5.433,4.0346,4.2863,6.7888,1.212,-3.8172,-0.54611,-1.807,5.8899,-23.367,-0.58529,7.257,0,0
6.36,5.365,4.0224,4.3248,6.7931,1.23,-3.8757,-0.31214,-1.8008,5.815,-23.425,-0.6527,7.7192,0,0
6.35,5.2971,4.01,4.3638,6.795,1.248,-3.9335,-0.07768,-1.7939,5.7355,-23.464,-0.71977,8.182,0,0
6.34,5.2291,3.9975,4.4034,6.7946,1.2659,-3.9904,0.15707,-1.7864,5.6514,-23.483,-0.78651,8.6454,0,0
6.33,5.1612,3.9847,4.4436,6.7919,1.2837,-4.0465,0.39192,-1.7782,5.5626,-23.484,-0.85294,9.1096,0,0
6.32,5.0933,3.9718,4.4844,6.7868,1.3015,-4.1017,0.62668,-1.7693,5.4692,-23.464,-0.91907,9.5748,0,0
6.31,5.0255,3.9587,4.5257,6.7793,1.3191,-4.1559,0.86114,-1.7598,5.3711,-23.425,-0.98491,10.041,0,0
6.3,4.9577,3.9454,4.5675,6.7696,1.3366,-4.2091,1.0951,-1.7496,5.2684,-23.366,-1.0505,10.509,0,0
6.29,4.8901,3.9319,4.6098,6.7574,1.3541,-4.2612,1.3284,-1.7388,5.1609,-23.288,-1.1158,10.979,0,0
6.28,4.8226,3.9183,4.6527,6.743,1.3714,-4.3123,1.5608,-1.7273,5.0488,-23.19,-1.1809,11.45,0,0
6.27,4.7552,3.9045,4.6961,6.7262,1.3886,-4.3622,1.7921,-1.7152,4.9319,-23.072,-1.2458,11.923,0,0
6.26,4.6881,3.8905,4.7399,6.7072,1.4057,-4.4109,2.0222,-1.7024,4.8103,-22.935,-1.3105,12.398,0,0
6.25,4.6211,3.8764,4.7843,6.6858,1.4227,-4.4584,2.2508,-1.689,4.6839,-22.778,-1.375,12.876,0,0
6.24,4.5544,3.8621,4.8291,6.6622,1.4395,-4.5046,2.4777,-1.6749,4.5528,-22.603,-1.4393,13.356,0,0
6.23,4.4879,3.8476,4.8744,6.6362,1.4562,-4.5494,2.7028,-1.6602,4.4168,-22.408,-1.5036,13.839,0,0
6.22,4.4217,3.833,4.9201,6.6081,1.4727,-4.5929,2.9258,-1.6448,4.276,-22.195,-1.5677,14.324,0,0
6.21,4.3557,3.8182,4.9662,6.5777,1.4891,-4.6349,3.1466,-1.6289,4.1303,-21.965,-1.6317,14.812,0,0
6.2,4.2901,3.8032,5.0128,6.5452,1.5053,-4.6755,3.365,-1.6122,3.9797,-21.716,-1.6956,15.303,0,0
6.19,4.2248,3.7881,5.0597,6.5104,1.5213,-4.7145,3.5809,-1.5949,3.8242,-21.45,-1.7594,15.796,0,0
6.18,4.1599,3.7728,5.1071,6.4736,1.5372,-4.7519,3.794,-1.577,3.6638,-21.168,-1.8231,16.292,0,0
6.17,4.0954,3.7573,5.1548,6.4346,1.5529,-4.7878,4.0042,-1.5585,3.4984,-20.869,-1.8866,16.79,0,0
6.16,4.0312,3.7417,5.2028,6.3935,1.5683,-4.8219,4.2113,-1.5393,3.328,-20.555,-1.9501,17.289,0,0
6.15,3.9675,3.7259,5.2512,6.3504,1.5836,-4.8543,4.4152,-1.5195,3.1526,-20.226,-2.0134,17.791,0,0
6.14,3.9042,3.71,5.2999,6.3052,1.5987,-4.8849,4.6158,-1.499,2.9722,-19.883,-2.0766,18.294,0,0
6.13,3.8414,3.694,5.3489,6.2581,1.6136,-4.9137,4.8128,-1.4779,2.7867,-19.526,-2.1396,18.798,0,0
6.12,3.7791,3.6778,5.3982,6.209,1.6283,-4.9407,5.0063,-1.4562,2.5962,-19.157,-2.2023,19.302,0,0
6.11,3.7172,3.6614,5.4477,6.1579,1.6427,-4.9656,5.1959,-1.4339,2.4007,-18.776,-2.2647,19.806,0,0
6.1,3.6559,3.6449,5.4975,6.1051,1.657,-4.9886,5.3817,-1.4109,2.2001,-18.383,-2.3267,20.308,0,0
6.09,3.5951,3.6283,5.5475,6.0503,1.671,-5.0096,5.5636,-1.3874,1.9945,-17.981,-2.3883,20.809,0,0
6.08,3.5349,3.6115,5.5977,5.9938,1.6847,-5.0285,5.7413,-1.3632,1.7839,-17.569,-2.4494,21.308,0,0
6.07,3.4753,3.5946,5.648,5.9355,1.6982,-5.0453,5.9149,-1.3384,1.5684,-17.149,-2.5099,21.802,0,0
6.06,3.4162,3.5775,5.6986,5.8755,1.7115,-5.0599,6.0843,-1.313,1.3479,-16.721,-2.5696,22.292,0,0
6.05,3.3578,3.5603,5.7492,5.8138,1.7245,-5.0722,6.2493,-1.287,1.1226,-16.287,-2.6285,22.775,0,0
6.04,3.2999,3.543,5.8,5.7505,1.7372,-5.0823,6.41,-1.2604,0.89244,-15.847,-2.6865,23.251,0,0
6.03,3.2428,3.5256,5.8509,5.6857,1.7497,-5.0901,6.5662,-1.2333,0.65758,-15.403,-2.7433,23.719,0,0
6.02,3.1862,3.508,5.9018,5.6192,1.7619,-5.0954,6.718,-1.2056,0.4181,-14.955,-2.7988,24.176,0,0
6.01,3.1304,3.4904,5.9528,5.5513,1.7738,-5.0984,6.8653,-1.1773,0.17411,-14.504,-2.8528,24.621,0,0
6,3.0752,3.4726,6.0037,5.4819,1.7854,-5.0989,7.0081,-1.1485,-0.074267,-14.052,-2.9052,25.052,0,0
5.99,3.0207,3.4547,6.0547,5.4112,1.7968,-5.0969,7.1464,-1.1192,-0.32688,-13.6,-2.9558,25.467,0,0
5.98,2.967,3.4366,6.1057,5.339,1.8078,-5.0924,7.2801,-1.0894,-0.58355,-13.147,-3.0043,25.865,0,0
5.97,2.914,3.4185,6.1566,5.2656,1.8185,-5.0852,7.4093,-1.0591,-0.84411,-12.697,-3.0505,26.243,0,0
5.96,2.8617,3.4003,6.2074,5.1909,1.829,-5.0755,7.534,-1.0284,-1.1083,-12.248,-3.0942,26.6,0,0
5.95,2.8102,3.3819,6.2581,5.1149,1.8391,-5.0631,7.6543,-0.99725,-1.376,-11.803,-3.1351,26.932,0,0
5.94,2.7594,3.3635,6.3086,5.0378,1.8489,-5.0479,7.7701,-0.9657,-1.6469,-11.362,-3.173,27.238,0,0
5.93,2.7094,3.3449,6.359,4.9595,1.8584,-5.0301,7.8816,-0.9338,-1.9207,-10.926,-3.2077,27.515,0,0
5.92,2.6602,3.3263,6.4092,4.8802,1.8676,-5.0095,7.9887,-0.90156,-2.1971,-10.496,-3.2387,27.761,0,0
5.91,2.6118,3.3076,6.4592,4.7998,1.8765,-4.9862,8.0915,-0.86904,-2.4758,-10.073,-3.2659,27.973,0,0
5.9,2.5642,3.2888,6.5089,4.7184,1.885,-4.96,8.1902,-0.83626,-2.7564,-9.6575,-3.2889,28.148,0,0
5.89,2.5174,3.2699,6.5584,4.636,1.8932,-4.931,8.2847,-0.80327,-3.0386,-9.2501,-3.3074,28.285,0,0
5.88,2.4715,3.2509,6.6075,4.5527,1.901,-4.8992,8.3752,-0.77013,-3.322,-8.8515,-3.3212,28.38,0,0
5.87,2.4264,3.2319,6.6564,4.4685,1.9086,-4.8646,8.4617,-0.73687,-3.6061,-8.4625,-3.3299,28.431,0,0
5.86,2.3821,3.2128,6.7048,4.3834,1.9158,-4.8271,8.5445,-0.70355,-3.8904,-8.0835,-3.3332,28.435,0,0
5.85,2.3387,3.1936,6.7529,4.2976,1.9227,-4.7868,8.6235,-0.67022,-4.1746,-7.7151,-3.3308,28.39,0,0
5.84,2.2962,3.1743,6.8005,4.211,1.9292,-4.7436,8.6988,-0.63695,-4.4581,-7.3576,-3.3224,28.292,0,0
5.83,2.2545,3.155,6.8478,4.1236,1.9354,-4.6976,8.7706,-0.60379,-4.7403,-7.0115,-3.3078,28.141,0,0
5.82,2.2137,3.1356,6.8945,4.0356,1.9413,-4.6488,8.8391,-0.57082,-5.0207,-6.677,-3.2865,27.933,0,0
5.81,2.1738,3.1162,6.9407,3.9469,1.9468,-4.5972,8.9042,-0.53808,-5.2988,-6.3543,-3.2585,27.667,0,0
5.8,2.1348,3.0967,6.9864,3.8575,1.952,-4.5428,8.9662,-0.50567,-5.5738,-6.0435,-3.2233,27.34,0,0
5.79,2.0966,3.0771,7.0316,3.7676,1.9569,-4.4857,9.0251,-0.47364,-5.8453,-5.7447,-3.1808,26.95,0,0
5.78,2.0594,3.0575,7.0761,3.677,1.9615,-4.4259,9.0811,-0.44208,-6.1126,-5.4579,-3.1308,26.497,0,0
5.77,2.0231,3.0379,7.1201,3.5859,1.9658,-4.3635,9.1343,-0.41105,-6.3751,-5.183,-3.0731,25.978,0,0
5.76,1.9877,3.0182,7.1634,3.4943,1.9697,-4.2985,9.1848,-0.38064,-6.632,-4.9196,-3.0076,25.394,0,0
5.75,1.9532,2.9985,7.206,3.4023,1.9734,-4.2309,9.2328,-0.35093,-6.8827,-4.6677,-2.9342,24.742,0,0
5.74,1.9197,2.9787,7.248,3.3097,1.9767,-4.1608,9.2782,-0.32198,-7.1266,-4.4267,-2.8527,24.024,0,0
5.73,1.887,2.959,7.2892,3.2167,1.9798,-4.0884,9.3213,-0.2939,-7.363,-4.1963,-2.7633,23.24,0,0
5.72,1.8553,2.9391,7.3298,3.1233,1.9826,-4.0136,9.3622,-0.26674,-7.5912,-3.9759,-2.666,22.39,0,0
5.71,1.8246,2.9193,7.3695,3.0295,1.9852,-3.9366,9.4009,-0.2406,-7.8106,-3.7649,-2.561,21.476,0,0
5.7,1.7947,2.8994,7.4085,2.9353,1.9874,-3.8574,9.4375,-0.21555,-8.0205,-3.5627,-2.4483,20.499,0,0
5.69,1.7659,2.8796,7.4467,2.8407,1.9895,-3.7762,9.4722,-0.19166,-8.2204,-3.3684,-2.3284,19.464,0,0
5.68,1.7379,2.8597,7.484,2.7458,1.9913,-3.693,9.5049,-0.169,-8.4096,-3.1814,-2.2016,18.372,0,0
5.67,1.7109,2.8397,7.5205,2.6506,1.9929,-3.6081,9.5358,-0.14765,-8.5876,-3.0008,-2.0684,17.229,0,0
5.66,1.6849,2.8198,7.5562,2.5551,1.9942,-3.5213,9.5649,-0.12766,-8.754,-2.8255,-1.9293,16.04,0,0
5.65,1.6598,2.7999,7.5909,2.4593,1.9954,-3.433,9.5923,-0.10908,-8.9083,-2.6547,-1.7852,14.81,0,0
5.64,1.6357,2.7799,7.6248,2.3633,1.9964,-3.3432,9.618,-0.091967,-9.0501,-2.4875,-1.6367,13.548,0,0
5.63,1.6126,2.7599,7.6578,2.267,1.9973,-3.2521,9.6421,-0.076356,-9.1792,-2.3227,-1.485,12.262,0,0
5.62,1.5904,2.7399,7.6899,2.1704,1.998,-3.1597,9.6645,-0.062274,-9.2953,-2.1593,-1.3311,10.962,0,0
5.61,1.5692,2.72,7.721,2.0737,1.9985,-3.0662,9.6853,-0.049737,-9.3984,-1.9964,-1.1763,9.6585,0,0
5.6,1.5489,2.7,7.7512,1.9767,1.999,-2.9717,9.7044,-0.038746,-9.4885,-1.833,-1.0222,8.3644,0,0
5.59,1.5296,2.68,7.7804,1.8796,1.9993,-2.8765,9.7219,-0.029286,-9.5658,-1.6681,-0.87036,7.0939,0,0
5.58,1.5113,2.66,7.8087,1.7823,1.9995,-2.7805,9.7378,-0.021325,-9.6305,-1.5007,-0.72271,5.8629,0,0
5.57,1.494,2.64,7.836,1.6849,1.9997,-2.6839,9.7519,-0.01481,-9.6832,-1.3301,-0.58135,4.6892,0,0
5.56,1.4776,2.62,7.8624,1.5873,1.9998,-2.5868,9.7644,-0.0096688,-9.7245,-1.1555,-0.44864,3.5922,0,0
5.55,1.4622,2.6,7.8878,1.4896,1.9999,-2.4894,9.775,-0.0058003,-9.7554,-0.97623,-0.32717,2.5937,0,0
5.54,1.4478,2.58,7.9122,1.3918,2,-2.3918,9.7839,-0.0030783,-9.7768,-0.79188,-0.21983,1.7175,0,0
5.53,1.4344,2.56,7.9356,1.2939,2,-2.2939,9.7908,-0.0013461,-9.7902,-0.60209,-0.12979,0.99004,0,0
5.52,1.422,2.54,7.958,1.196,2,-2.196,9.7959,-0.00041337,-9.7972,-0.40674,-0.060527,0.43988,0,0
5.51,1.4105,2.52,7.9795,1.098,2,-2.098,9.799,-5.3551e-05,-9.7997,-0.20592,-0.015874,0.098467,0,0
5.5,1.4,2.5,8,1,2,-2,9.8,3.4465e-22,-9.8,-7.137e-08,5.3783e-22,4.6978e-09,0,0
5.49,1.3905,2.48,8.0195,0.902,2,-1.902,9.799,-4.0445e-17,-9.8002,0.19204,7.9386e-15,0.028621,0,0
5.48,1.382,2.46,8.038,0.80403,2,-1.804,9.7963,-1.5583e-16,-9.8005,0.35297,1.4996e-14,0.044401,0,0
5.47,1.3744,2.44,8.0556,0.70608,2,-1.706,9.7921,-3.3755e-16,-9.801,0.48475,2.1211e-14,0.047654,0,0
5.46,1.3678,2.42,8.0722,0.60819,2,-1.608,9.7867,-5.7739e-16,-9.8014,0.58935,2.6627e-14,0.038695,0,0
5.45,1.3622,2.4,8.0877,0.51035,2,-1.51,9.7803,-8.6755e-16,-9.8017,0.66864,3.128e-14,0.017836,0,0
5.44,1.3576,2.38,8.1024,0.41258,2,-1.4119,9.7734,-1.2006e-15,-9.8018,0.7245,3.5211e-14,-0.014612,0,0
5.43,1.354,2.36,8.116,0.31489,2,-1.3139,9.7659,-1.5695e-15,-9.8014,0.75873,3.8457e-14,-0.058343,0,0
5.42,1.3513,2.34,8.1286,0.21727,2,-1.2159,9.7583,-1.9676e-15,-9.8006,0.7731,4.1054e-14,-0.11305,0,0
5.41,1.3496,2.32,8.1403,0.11972,2,-1.1179,9.7505,-2.3885e-15,-9.7991,0.76935,4.304e-14,-0.17842,0,0
5.4,1.3489,2.3,8.151,0.022255,2,-1.0199,9.7429,-2.8264e-15,-9.797,0.74915,4.4449e-14,-0.25417,0,0
5.39,1.3492,2.28,8.1607,-0.075137,2,-0.92198,9.7356,-3.2757e-15,-9.794,0.71416,4.5318e-14,-0.33998,0,0
5.38,1.3504,2.26,8.1694,-0.17246,2,-0.82406,9.7287,-3.7311e-15,-9.7901,0.66596,4.5678e-14,-0.43555,0,0
5.37,1.3527,2.24,8.1772,-0.26971,2,-0.72618,9.7223,-4.1877e-15,-9.7852,0.60612,4.5565e-14,-0.5406,0,0
5.36,1.3558,2.22,8.184,-0.36691,2,-0.62836,9.7166,-4.6409e-15,-9.7793,0.53615,4.501e-14,-0.65483,0,0
5.35,1.36,2.2,8.1898,-0.46405,2,-0.5306,9.7116,-5.0865e-15,-9.7721,0.45751,4.4045e-14,-0.77793,0,0
5.34,1.3651,2.18,8.1946,-0.56114,2,-0.43292,9.7075,-5.5206e-15,-9.7637,0.37165,4.2701e-14,-0.90963,0,0
5.33,1.3712,2.16,8.1984,-0.6582,2,-0.33533,9.7042,-5.9394e-15,-9.7539,0.27994,4.1009e-14,-1.0496,0,0
5.32,1.3783,2.14,8.2013,-0.75523,2,-0.23785,9.7019,-6.3397e-15,-9.7427,0.18372,3.8998e-14,-1.1976,0,0
5.31,1.3863,2.12,8.2032,-0.85224,2,-0.14048,9.7005,-6.7184e-15,-9.7299,0.0843,3.6697e-14,-1.3534,0,0
5.3,1.3953,2.1,8.2041,-0.94924,2,-0.043254,9.7002,-7.0727e-15,-9.7156,-0.01707,3.4133e-14,-1.5166,0,0
5.29,1.4053,2.08,8.204,-1.0462,2,0.053824,9.7009,-7.4003e-15,-9.6996,-0.11918,3.1334e-14,-1.6869,0,0
5.28,1.4162,2.06,8.203,-1.1433,2,0.15073,9.7026,-7.6987e-15,-9.6818,-0.22084,2.8326e-14,-1.8641,0,0
5.27,1.4282,2.04,8.201,-1.2403,2,0.24745,9.7053,-7.9662e-15,-9.6623,-0.32095,2.5136e-14,-2.048,0,0
5.26,1.4411,2.02,8.1981,-1.3374,2,0.34397,9.709,-8.2009e-15,-9.6408,-0.4184,2.1788e-14,-2.2381,0,0
5.25,1.4549,2,8.1941,-1.4345,2,0.44026,9.7137,-8.4015e-15,-9.6175,-0.51217,1.8306e-14,-2.4343,0,0
5.24,1.4697,1.98,8.1893,-1.5316,2,0.53631,9.7192,-8.5667e-15,-9.5921,-0.60124,1.4713e-14,-2.6363,0,0
5.23,1.4855,1.96,8.1834,-1.6289,2,0.6321,9.7257,-8.6955e-15,-9.5647,-0.68466,1.1034e-14,-2.8438,0,0
5.22,1.5023,1.94,8.1766,-1.7262,2,0.7276,9.7329,-8.7871e-15,-9.5352,-0.76152,7.2885e-15,-3.0565,0,0
5.21,1.5201,1.92,8.1689,-1.8235,2,0.8228,9.7409,-8.8411e-15,-9.5036,-0.83095,3.4989e-15,-3.2742,0,0
5.2,1.5388,1.9,8.1602,-1.921,2,0.91767,9.7495,-8.857e-15,-9.4697,-0.89212,-3.1475e-16,-3.4966,0,0
5.19,1.5585,1.88,8.1505,-2.0185,2,1.0122,9.7587,-8.8348e-15,-9.4336,-0.94424,-4.1326e-15,-3.7235,0,0
5.18,1.5792,1.86,8.1399,-2.1162,2,1.1063,9.7683,-8.7744e-15,-9.3953,-0.98656,-7.9358e-15,-3.9545,0,0
5.17,1.6008,1.84,8.1284,-2.2139,2,1.2001,9.7784,-8.6762e-15,-9.3545,-1.0184,-1.1706e-14,-4.1895,0,0
5.16,1.6234,1.82,8.1159,-2.3117,2,1.2934,9.7887,-8.5405e-15,-9.3115,-1.0391,-1.5426e-14,-4.4281,0,0
5.15,1.647,1.8,8.1025,-2.4097,2,1.3863,9.7991,-8.3679e-15,-9.266,-1.048,-1.9079e-14,-4.6702,0,0
5.14,1.6716,1.78,8.0882,-2.5077,2,1.4787,9.8096,-8.1591e-15,-9.218,-1.0446,-2.265e-14,-4.9153,0,0
5.13,1.6972,1.76,8.0729,-2.6059,2,1.5707,9.82,-7.9152e-15,-9.1676,-1.0284,-2.6122e-14,-5.1634,0,0
5.12,1.7238,1.74,8.0568,-2.7041,2,1.6621,9.8301,-7.6371e-15,-9.1148,-0.99876,-2.9482e-14,-5.4142,0,0
5.11,1.7513,1.72,8.0397,-2.8025,2,1.7529,9.8399,-7.326e-15,-9.0594,-0.95536,-3.2716e-14,-5.6673,0,0
5.1,1.7798,1.7,8.0217,-2.9009,2,1.8432,9.8492,-6.9832e-15,-9.0014,-0.89777,-3.5811e-14,-5.9226,0,0
5.09,1.8093,1.68,8.0028,-2.9994,2,1.933,9.8578,-6.6102e-15,-8.9409,-0.82564,-3.8755e-14,-6.1799,0,0
5.08,1.8398,1.66,7.9831,-3.0981,2,2.0221,9.8656,-6.2086e-15,-8.8778,-0.73865,-4.1537e-14,-6.4387,0,0
5.07,1.8713,1.64,7.9624,-3.1968,2,2.1105,9.8725,-5.7801e-15,-8.8121,-0.63653,-4.4146e-14,-6.6991,0,0
5.06,1.9037,1.62,7.9409,-3.2955,2,2.1983,9.8783,-5.3263e-15,-8.7438,-0.51905,-4.6572e-14,-6.9606,0,0
5.05,1.9372,1.6,7.9184,-3.3943,2,2.2854,9.8829,-4.8493e-15,-8.6729,-0.38602,-4.8806e-14,-7.223,0,0
5.04,1.9716,1.58,7.8952,-3.4932,2,2.3717,9.886,-4.3509e-15,-8.5994,-0.2373,-5.0839e-14,-7.4862,0,0
5.03,2.007,1.56,7.871,-3.592,2,2.4574,9.8875,-3.8332e-15,-8.5232,-0.072789,-5.2665e-14,-7.7499,0,0
5.02,2.0435,1.54,7.846,-3.6909,2,2.5422,9.8874,-3.2983e-15,-8.4444,0.10756,-5.4276e-14,-8.0138,0,0
5.01,2.0809,1.52,7.8202,-3.7898,2,2.6262,9.8853,-2.7484e-15,-8.3629,0.30378,-5.5666e-14,-8.2777,0,0
5,2.1193,1.5,7.7935,-3.8886,2,2.7094,9.8813,-2.1858e-15,-8.2788,0.51583,-5.683e-14,-8.5415,0,0
4.99,2.1586,1.48,7.766,-3.9874,2,2.7918,9.875,-1.6126e-15,-8.1921,0.74364,-5.7763e-14,-8.8048,0,0
4.98,2.199,1.46,7.7377,-4.0861,2,2.8733,9.8663,-1.0313e-15,-8.1027,0.98709,-5.8461e-14,-9.0675,0,0
4.97,2.2404,1.44,7.7085,-4.1847,2,2.9538,9.8552,-4.4417e-16,-8.0107,1.246,-5.8922e-14,-9.3292,0,0
4.96,2.2827,1.42,7.6786,-4.2832,2,3.0335,9.8414,1.4636e-16,-7.9161,1.5203,-5.9143e-14,-9.5899,0,0
4.95,2.326,1.4,7.6479,-4.3815,2,3.1122,9.8247,7.3789e-16,-7.8189,1.8096,-5.9122e-14,-9.8493,0,0
4.94,2.3703,1.38,7.6163,-4.4797,2,3.1899,9.8051,1.328e-15,-7.7191,2.1136,-5.886e-14,-10.107,0,0
4.93,2.4156,1.36,7.5841,-4.5776,2,3.2665,9.7824,1.9143e-15,-7.6168,2.4321,-5.8354e-14,-10.363,0,0
4.92,2.4619,1.34,7.551,-4.6753,2,3.3422,9.7564,2.4943e-15,-7.5119,2.7646,-5.7608e-14,-10.617,0,0
4.91,2.5091,1.32,7.5172,-4.7727,2,3.4168,9.7271,3.0656e-15,-7.4045,3.1108,-5.6621e-14,-10.869,0,0
4.9,2.5573,1.3,7.4827,-4.8698,2,3.4903,9.6942,3.6259e-15,-7.2945,3.4702,-5.5396e-14,-11.119,0,0
4.89,2.6065,1.28,7.4474,-4.9666,2,3.5626,9.6576,4.1728e-15,-7.1821,3.8423,-5.3936e-14,-11.366,0,0
4.88,2.6567,1.26,7.4114,-5.063,2,3.6339,9.6173,4.7038e-15,-7.0672,4.2265,-5.2245e-14,-11.61,0,0
4.87,2.7078,1.24,7.3747,-5.1589,2,3.704,9.5731,5.2169e-15,-6.9499,4.6223,-5.0327e-14,-11.851,0,0
4.86,2.7598,1.22,7.3374,-5.2544,2,3.7729,9.5248,5.7096e-15,-6.8302,5.0291,-4.8188e-14,-12.089,0,0
4.85,2.8129,1.2,7.2993,-5.3494,2,3.8406,9.4724,6.1799e-15,-6.7081,5.4461,-4.5833e-14,-12.324,0,0
4.84,2.8668,1.18,7.2606,-5.4439,2,3.907,9.4159,6.6256e-15,-6.5837,5.8726,-4.327e-14,-12.555,0,0
4.83,2.9217,1.16,7.2212,-5.5377,2,3.9722,9.355,7.0446e-15,-6.457,6.308,-4.0505e-14,-12.782,0,0
4.82,2.9776,1.14,7.1811,-5.6309,2,4.0362,9.2897,7.4351e-15,-6.3281,6.7513,-3.7547e-14,-13.006,0,0
4.81,3.0343,1.12,7.1404,-5.7235,2,4.0988,9.2199,7.795e-15,-6.1969,7.2018,-3.4406e-14,-13.225,0,0
4.8,3.092,1.1,7.0991,-5.8153,2,4.1601,9.1456,8.1226e-15,-6.0636,7.6586,-3.109e-14,-13.439,0,0
4.79,3.1507,1.08,7.0572,-5.9064,2,4.2201,9.0667,8.4162e-15,-5.9282,8.1207,-2.7611e-14,-13.65,0,0
4.78,3.2102,1.06,7.0147,-5.9967,2,4.2787,8.9832,8.6743e-15,-5.7906,8.5872,-2.3979e-14,-13.855,0,0
4.77,3.2706,1.04,6.9717,-6.086,2,4.3359,8.895,8.8954e-15,-5.6511,9.057,-2.0207e-14,-14.056,0,0
4.76,3.3319,1.02,6.928,-6.1745,2,4.3917,8.802,9.078e-15,-5.5095,9.5291,-1.6308e-14,-14.251,0,0
4.75,3.3941,1,6.8838,-6.2621,2,4.4461,8.7044,9.2211e-15,-5.3661,10.002,-1.2295e-14,-14.441,0,0
4.74,3.4571,0.98,6.8391,-6.3486,2,4.499,8.602,9.3236e-15,-5.2207,10.476,-8.182e-15,-14.626,0,0
4.73,3.521,0.96,6.7939,-6.4341,2,4.5505,8.4949,9.3845e-15,-5.0736,10.948,-3.9846e-15,-14.805,0,0
4.72,3.5858,0.94,6.7481,-6.5185,2,4.6005,8.383,9.4031e-15,-4.9247,11.418,2.8151e-16,-14.978,0,0
4.71,3.6514,0.92,6.7019,-6.6017,2,4.649,8.2665,9.3787e-15,-4.774,11.884,4.5998e-15,-15.145,0,0
4.7,3.7178,0.9,6.6551,-6.6838,2,4.6959,8.1454,9.311e-15,-4.6218,12.346,8.9528e-15,-15.306,0,0
4.69,3.7851,0.88,6.6079,-6.7646,2,4.7414,8.0196,9.1996e-15,-4.4679,12.801,1.3323e-14,-15.461,0,0
4.68,3.8531,0.86,6.5603,-6.8442,2,4.7853,7.8894,9.0445e-15,-4.3126,13.248,1.769e-14,-15.609,0,0
4.67,3.922,0.84,6.5122,-6.9224,2,4.8276,7.7547,8.8458e-15,-4.1558,13.686,2.2036e-14,-15.751,0,0
4.66,3.9916,0.82,6.4638,-6.9993,2,4.8684,7.6157,8.6039e-15,-3.9976,14.114,2.634e-14,-15.885,0,0
4.65,4.0619,0.8,6.4149,-7.0747,2,4.9076,7.4724,8.3193e-15,-3.8381,14.53,3.0581e-14,-16.013,0,0
4.64,4.1331,0.78,6.3656,-7.1487,2,4.9452,7.3251,7.9926e-15,-3.6774,14.931,3.4737e-14,-16.134,0,0
4.63,4.2049,0.76,6.316,-7.2212,2,4.9811,7.1739,7.6249e-15,-3.5154,15.318,3.8785e-14,-16.247,0,0
4.62,4.2775,0.74,6.266,-7.2922,2,5.0155,7.0188,7.2173e-15,-3.3524,15.687,4.2701e-14,-16.353,0,0
4.61,4.3507,0.72,6.2157,-7.3616,2,5.0482,6.8602,6.7714e-15,-3.1884,16.038,4.6463e-14,-16.451,0,0
4.6,4.4247,0.7,6.165,-7.4294,2,5.0792,6.6981,6.2887e-15,-3.0235,16.368,5.0045e-14,-16.541,0,0
4.59,4.4993,0.68,6.1141,-7.4955,2,5.1086,6.5329,5.7712e-15,-2.8576,16.676,5.3421e-14,-16.624,0,0
4.58,4.5746,0.66,6.0629,-7.56,2,5.1364,6.3647,5.221e-15,-2.691,16.96,5.6565e-14,-16.698,0,0
4.57,4.6505,0.64,6.0114,-7.6228,2,5.1624,6.1938,4.6407e-15,-2.5237,17.219,5.945e-14,-16.764,0,0
4.56,4.7271,0.62,5.9596,-7.6839,2,5.1868,6.0204,4.033e-15,-2.3558,17.449,6.2047e-14,-16.822,0,0
4.55,4.8042,0.6,5.9077,-7.7432,2,5.2096,5.8449,3.4008e-15,-2.1873,17.65,6.4329e-14,-16.871,0,0
4.54,4.8819,0.58,5.8555,-7.8008,2,5.2306,5.6675,2.7476e-15,-2.0184,17.818,6.6265e-14,-16.912,0,0
4.53,4.9602,0.56,5.803,-7.8565,2,5.2499,5.4886,2.0768e-15,-1.8491,17.953,6.7826e-14,-16.944,0,0
4.52,5.039,0.54,5.7505,-7.9105,2,5.2676,5.3086,1.3924e-15,-1.6795,18.052,6.8981e-14,-16.967,0,0
4.51,5.1184,0.52,5.6977,-7.9627,2,5.2835,5.1277,6.9862e-16,-1.5098,18.113,6.9698e-14,-16.98,0,0
4.5,5.1983,0.5,5.6448,-8.0131,2,5.2978,4.9464,2.924e-10,-1.3399,18.134,-1.2869e-10,-16.985,0,0
4.49,5.2787,0.48,5.5918,-8.0616,2,5.3103,4.7651,8.2641e-06,-1.1701,18.136,-0.0024651,-16.974,0,0
4.48,5.3595,0.46,5.5386,-8.1084,2,5.3212,4.5837,6.4997e-05,-1.0005,18.141,-0.0096389,-16.944,0,0
4.47,5.4408,0.44,5.4853,-8.1533,2,5.3303,4.4023,0.00021566,-0.83131,18.15,-0.021198,-16.894,0,0
4.46,5.5226,0.42,5.432,-8.1964,2,5.3378,4.2207,0.00050254,-0.6627,18.161,-0.036833,-16.826,0,0
4.45,5.6047,0.4,5.3786,-8.2377,2,5.3436,4.039,0.0009649,-0.49484,18.174,-0.056243,-16.742,0,0
4.44,5.6873,0.38,5.3251,-8.2772,2,5.3477,3.8572,0.001639,-0.32791,18.19,-0.079143,-16.642,0,0
4.43,5.7703,0.36,5.2716,-8.3149,2,5.3501,3.6752,0.0025585,-0.16205,18.207,-0.10526,-16.528,0,0
4.42,5.8536,0.34,5.2181,-8.3507,1.9999,5.3509,3.4931,0.003754,0.0026032,18.226,-0.13432,-16.4,0,0
4.41,5.9373,0.32,5.1646,-8.3847,1.9999,5.3501,3.3107,0.0052538,0.16592,18.246,-0.16607,-16.26,0,0
4.4,6.0213,0.3,5.1111,-8.4169,1.9998,5.3476,3.1282,0.0070836,0.32777,18.267,-0.20028,-16.109,0,0
4.39,6.1056,0.28001,5.0577,-8.4473,1.9997,5.3435,2.9454,0.0092667,0.48806,18.288,-0.2367,-15.947,0,0
4.38,6.1902,0.26001,5.0043,-8.4758,1.9996,5.3379,2.7624,0.011824,0.64667,18.31,-0.27512,-15.775,0,0
4.37,6.2751,0.24001,4.9509,-8.5025,1.9995,5.3306,2.5792,0.014775,0.80352,18.331,-0.31531,-15.594,0,0
4.36,6.3603,0.22002,4.8977,-8.5274,1.9993,5.3218,2.3958,0.018136,0.95852,18.352,-0.35708,-15.404,0,0
4.35,6.4457,0.20003,4.8445,-8.5505,1.9991,5.3115,2.2121,0.021921,1.1116,18.373,-0.40023,-15.208,0,0
4.34,6.5313,0.18004,4.7914,-8.5717,1.9989,5.2996,2.0283,0.026144,1.2626,18.393,-0.44457,-15.004,0,0
4.33,6.6171,0.16005,4.7385,-8.591,1.9986,5.2862,1.8443,0.030816,1.4116,18.412,-0.48993,-14.795,0,0
4.32,6.7031,0.14006,4.6857,-8.6085,1.9983,5.2714,1.6601,0.035946,1.5585,18.43,-0.53613,-14.58,0,0
4.31,6.7893,0.12008,4.6331,-8.6242,1.9979,5.255,1.4757,0.041541,1.7032,18.446,-0.58301,-14.36,0,0
4.3,6.8756,0.10011,4.5806,-8.6381,1.9974,5.2373,1.2911,0.047608,1.8457,18.461,-0.63042,-14.135,0,0
4.29,6.962,0.080135,4.5283,-8.65,1.9969,5.2181,1.1065,0.054151,1.9859,18.474,-0.67822,-13.907,0,0
4.28,7.0486,0.060169,4.4763,-8.6602,1.9964,5.1976,0.92168,0.061173,2.1238,18.484,-0.72625,-13.676,0,0
4.27,7.1352,0.040208,4.4244,-8.6685,1.9957,5.1757,0.7368,0.068676,2.2594,18.493,-0.77439,-13.441,0,0
4.26,7.2219,0.020255,4.3728,-8.6749,1.995,5.1524,0.55184,0.076661,2.3927,18.498,-0.82253,-13.204,0,0
4.25,7.3087,0.0003089,4.3213,-8.6795,1.9942,5.1278,0.36684,0.085126,2.5235,18.502,-0.87052,-12.966,0,0
4.24,7.3955,-0.019628,4.2702,-8.6823,1.9933,5.1019,0.18182,0.09407,2.652,18.502,-0.91828,-12.725,0,0
4.23,7.4823,-0.039556,4.2193,-8.6831,1.9923,5.0748,-0.0031922,0.10349,2.778,18.499,-0.96568,-12.484,0,0
4.22,7.5692,-0.059474,4.1687,-8.6822,1.9912,5.0464,-0.18816,0.11338,2.9016,18.494,-1.0126,-12.241,0,0
4.21,7.656,-0.07938,4.1184,-8.6794,1.99,5.0168,-0.37305,0.12374,3.0228,18.484,-1.059,-11.999,0,0
4.2,7.7428,-0.099274,4.0684,-8.6747,1.9887,4.9859,-0.55784,0.13456,3.1416,18.472,-1.1048,-11.755,0,0
4.19,7.8295,-0.11915,4.0187,-8.6682,1.9873,4.9539,-0.74248,0.14584,3.2579,18.456,-1.1499,-11.512,0,0
4.18,7.9161,-0.13902,3.9693,-8.6599,1.9858,4.9208,-0.92694,0.15756,3.3719,18.436,-1.1942,-11.269,0,0
4.17,8.0027,-0.15887,3.9203,-8.6497,1.9842,4.8865,-1.1112,0.16972,3.4833,18.412,-1.2376,-11.027,0,0
4.16,8.0891,-0.1787,3.8716,-8.6377,1.9824,4.8511,-1.2952,0.18231,3.5924,18.385,-1.2801,-10.786,0,0
4.15,8.1754,-0.19852,3.8232,-8.6238,1.9805,4.8147,-1.4789,0.19531,3.6991,18.353,-1.3216,-10.545,0,0
4.14,8.2616,-0.21831,3.7753,-8.6081,1.9785,4.7772,-1.6622,0.20873,3.8033,18.318,-1.362,-10.306,0,0
4.13,8.3476,-0.23809,3.7277,-8.5905,1.9764,4.7386,-1.8452,0.22255,3.9052,18.278,-1.4014,-10.068,0,0
4.12,8.4334,-0.25784,3.6805,-8.5712,1.9741,4.6991,-2.0278,0.23676,4.0047,18.233,-1.4396,-9.832,0,0
4.11,8.519,-0.27757,3.6337,-8.55,1.9716,4.6585,-2.2099,0.25134,4.1018,18.185,-1.4766,-9.5974,0,0
4.1,8.6044,-0.29727,3.5873,-8.527,1.969,4.617,-2.3915,0.26628,4.1966,18.132,-1.5123,-9.3646,0,0
4.09,8.6895,-0.31695,3.5414,-8.5022,1.9663,4.5746,-2.5725,0.28158,4.2891,18.074,-1.5468,-9.1338,0,0
4.08,8.7744,-0.3366,3.4959,-8.4755,1.9634,4.5313,-2.7529,0.29722,4.3793,18.012,-1.58,-8.905,0,0
4.07,8.859,-0.35622,3.4508,-8.4471,1.9603,4.487,-2.9327,0.31318,4.4672,17.945,-1.6119,-8.6784,0,0
4.06,8.9433,-0.3758,3.4061,-8.4169,1.9571,4.4419,-3.1118,0.32945,4.5529,17.874,-1.6424,-8.4541,0,0
4.05,9.0274,-0.39536,3.3619,-8.3849,1.9538,4.396,-3.2902,0.34602,4.6363,17.798,-1.6715,-8.2321,0,0
4.04,9.111,-0.41488,3.3182,-8.3511,1.9502,4.3492,-3.4677,0.36287,4.7175,17.717,-1.6992,-8.0124,0,0
4.03,9.1944,-0.43436,3.2749,-8.3155,1.9465,4.3016,-3.6445,0.38,4.7966,17.631,-1.7255,-7.7953,0,0
4.02,9.2773,-0.45381,3.2322,-8.2782,1.9426,4.2533,-3.8203,0.39738,4.8735,17.54,-1.7503,-7.5806,0,0
4.01,9.3599,-0.47321,3.1899,-8.2391,1.9385,4.2042,-3.9953,0.415,4.9482,17.445,-1.7738,-7.3685,0,0
4,9.4421,-0.49258,3.1481,-8.1983,1.9343,4.1543,-4.1692,0.43285,5.0208,17.345,-1.7957,-7.159,0,0
3.99,9.5239,-0.5119,3.1068,-8.1557,1.9299,4.1038,-4.3422,0.45091,5.0914,17.24,-1.8162,-6.9521,0,0
3.98,9.6052,-0.53118,3.066,-8.1115,1.9253,4.0525,-4.514,0.46917,5.1599,17.13,-1.8353,-6.7478,0,0
3.97,9.6861,-0.5504,3.0258,-8.0655,1.9205,4.0006,-4.6847,0.48761,5.2264,17.015,-1.8528,-6.5461,0,0
3.96,9.7665,-0.56958,2.986,-8.0178,1.9155,3.948,-4.8543,0.50622,5.2908,16.895,-1.869,-6.3471,0,0
3.95,9.8465,-0.58871,2.9468,-7.9684,1.9104,3.8948,-5.0226,0.52498,5.3533,16.771,-1.8836,-6.1507,0,0
3.94,9.9259,-0.60779,2.9081,-7.9173,1.905,3.8409,-5.1897,0.54389,5.4138,16.642,-1.8968,-5.957,0,0
3.93,10.005,-0.62681,2.87,-7.8646,1.8995,3.7865,-5.3554,0.56292,5.4725,16.508,-1.9086,-5.7658,0,0
3.92,10.083,-0.64578,2.8324,-7.8102,1.8938,3.7315,-5.5198,0.58205,5.5292,16.369,-1.9189,-5.5773,0,0
3.91,10.161,-0.66469,2.7954,-7.7542,1.8879,3.6759,-5.6828,0.60129,5.584,16.226,-1.9278,-5.3914,0,0
3.9,10.238,-0.68354,2.7589,-7.6966,1.8818,3.6198,-5.8443,0.62061,5.637,16.078,-1.9353,-5.208,0,0
3.89,10.315,-0.70232,2.723,-7.6373,1.8754,3.5632,-6.0044,0.63999,5.6882,15.925,-1.9414,-5.0271,0,0
3.88,10.391,-0.72105,2.6876,-7.5765,1.869,3.5061,-6.1628,0.65943,5.7376,15.768,-1.946,-4.8488,0,0
3.87,10.466,-0.7397,2.6528,-7.5141,1.8623,3.4484,-6.3197,0.67891,5.7852,15.606,-1.9494,-4.6729,0,0
3.86,10.541,-0.75829,2.6186,-7.4501,1.8554,3.3904,-6.4749,0.69841,5.831,15.439,-1.9513,-4.4995,0,0
3.85,10.615,-0.77681,2.585,-7.3846,1.8483,3.3318,-6.6285,0.71793,5.8752,15.269,-1.952,-4.3284,0,0
3.84,10.689,-0.79526,2.552,-7.3175,1.841,3.2729,-6.7803,0.73745,5.9176,15.093,-1.9513,-4.1597,0,0
3.83,10.762,-0.81363,2.5196,-7.249,1.8335,3.2135,-6.9303,0.75695,5.9584,14.914,-1.9493,-3.9934,0,0
3.82,10.834,-0.83193,2.4877,-7.1789,1.8259,3.1537,-7.0785,0.77643,5.9975,14.73,-1.9461,-3.8292,0,0
3.81,10.905,-0.85015,2.4565,-7.1074,1.818,3.0935,-7.2249,0.79587,6.035,14.542,-1.9416,-3.6673,0,0
3.8,10.976,-0.86829,2.4259,-7.0344,1.81,3.033,-7.3694,0.81526,6.0708,14.35,-1.9359,-3.5076,0,0
3.79,11.046,-0.88634,2.3958,-6.96,1.8017,2.9721,-7.5119,0.83458,6.1051,14.154,-1.9289,-3.35,0,0
3.78,11.115,-0.90432,2.3664,-6.8842,1.7933,2.9109,-7.6524,0.85383,6.1378,13.954,-1.9208,-3.1944,0,0
3.77,11.184,-0.92221,2.3376,-6.807,1.7846,2.8494,-7.7909,0.87299,6.169,13.749,-1.9116,-3.0409,0,0
3.76,11.251,-0.94001,2.3094,-6.7284,1.7758,2.7875,-7.9274,0.89206,6.1987,13.542,-1.9012,-2.8894,0,0
3.75,11.318,-0.95772,2.2819,-6.6484,1.7668,2.7254,-8.0618,0.91101,6.2268,13.33,-1.8898,-2.7397,0,0
3.74,11.384,-0.97535,2.2549,-6.5672,1.7576,2.663,-8.194,0.92985,6.2535,13.115,-1.8772,-2.592,0,0
3.73,11.45,-0.99288,2.2286,-6.4846,1.7482,2.6003,-8.3241,0.94856,6.2786,12.896,-1.8636,-2.446,0,0
3.72,11.514,-1.0103,2.2029,-6.4007,1.7386,2.5374,-8.4519,0.96712,6.3024,12.674,-1.849,-2.3019,0,0
3.71,11.578,-1.0276,2.1779,-6.3155,1.7289,2.4743,-8.5775,0.98553,6.3247,12.448,-1.8335,-2.1594,0,0
3.7,11.64,-1.0449,2.1534,-6.2291,1.7189,2.4109,-8.7009,1.0038,6.3456,12.22,-1.8169,-2.0186,0,0
3.69,11.702,-1.062,2.1297,-6.1415,1.7088,2.3474,-8.8219,1.0219,6.3651,11.988,-1.7994,-1.8794,0,0
3.68,11.763,-1.0791,2.1065,-6.0527,1.6985,2.2836,-8.9406,1.0398,6.3832,11.752,-1.7811,-1.7418,0,0
3.67,11.823,-1.096,2.084,-5.9627,1.688,2.2197,-9.0569,1.0575,6.3999,11.514,-1.7618,-1.6057,0,0
3.66,11.882,-1.1128,2.0621,-5.8716,1.6773,2.1556,-9.1709,1.075,6.4153,11.273,-1.7417,-1.471,0,0
3.65,11.941,-1.1295,2.0409,-5.7793,1.6665,2.0914,-9.2824,1.0923,6.4293,11.03,-1.7208,-1.3378,0,0
3.64,11.998,-1.1461,2.0203,-5.6859,1.6555,2.0271,-9.3915,1.1094,6.4421,10.783,-1.6991,-1.206,0,0
3.63,12.054,-1.1626,2.0003,-5.5915,1.6443,1.9626,-9.4981,1.1263,6.4535,10.534,-1.6767,-1.0755,0,0
3.62,12.11,-1.179,1.981,-5.496,1.633,1.898,-9.6021,1.143,6.4636,10.283,-1.6535,-0.94631,0,0
3.61,12.164,-1.1953,1.9624,-5.3995,1.6214,1.8333,-9.7037,1.1594,6.4724,10.029,-1.6296,-0.81836,0,0
3.6,12.218,-1.2115,1.9444,-5.3019,1.6098,1.7686,-9.8027,1.1755,6.4799,9.7733,-1.6051,-0.69161,0,0
3.59,12.27,-1.2275,1.927,-5.2034,1.5979,1.7037,-9.8992,1.1915,6.4862,9.5151,-1.5799,-0.56603,0,0
3.58,12.322,-1.2434,1.9103,-5.104,1.5859,1.6388,-9.993,1.2071,6.4913,9.2549,-1.5541,-0.44159,0,0
3.57,12.372,-1.2592,1.8942,-5.0036,1.5738,1.5739,-10.084,1.2225,6.4951,8.9928,-1.5277,-0.31824,0,0
3.56,12.422,-1.2749,1.8788,-4.9023,1.5615,1.5089,-10.173,1.2377,6.4976,8.7289,-1.5008,-0.19596,0,0
3.55,12.47,-1.2904,1.864,-4.8001,1.549,1.444,-10.259,1.2526,6.499,8.4633,-1.4733,-0.074698,0,0
3.54,12.518,-1.3059,1.8499,-4.6971,1.5364,1.379,-10.342,1.2672,6.4991,8.1961,-1.4454,0.045562,0,0
3.53,12.564,-1.3212,1.8365,-4.5933,1.5237,1.314,-10.423,1.2815,6.4981,7.9274,-1.4169,0.16485,0,0
3.52,12.61,-1.3364,1.8236,-4.4887,1.5108,1.249,-10.501,1.2955,6.4958,7.6573,-1.388,0.28321,0,0
3.51,12.654,-1.3514,1.8115,-4.3833,1.4978,1.1841,-10.576,1.3092,6.4924,7.3859,-1.3587,0.40065,0,0
3.5,12.698,-1.3663,1.8,-4.2772,1.4846,1.1192,-10.648,1.3227,6.4878,7.1134,-1.329,0.5172,0,0
3.49,12.74,-1.3811,1.7891,-4.1703,1.4713,1.0543,-10.718,1.3358,6.4821,6.8399,-1.2989,0.63289,0,0
3.48,12.781,-1.3957,1.7789,-4.0628,1.4579,0.98953,-10.785,1.3486,6.4752,6.5654,-1.2685,0.74773,0,0
3.47,12.821,-1.4102,1.7693,-3.9546,1.4444,0.92481,-10.849,1.3612,6.4671,6.2901,-1.2377,0.86175,0,0
3.46,12.86,-1.4246,1.7604,-3.8458,1.4307,0.86019,-10.911,1.3734,6.4579,6.014,-1.2067,0.97497,0,0
3.45,12.898,-1.4389,1.7521,-3.7364,1.4169,0.79566,-10.97,1.3853,6.4476,5.7374,-1.1753,1.0874,0,0
3.44,12.935,-1.453,1.7445,-3.6264,1.403,0.73124,-11.026,1.3969,6.4362,5.4602,-1.1438,1.199,0,0
3.43,12.97,-1.4669,1.7375,-3.5159,1.389,0.66694,-11.079,1.4082,6.4236,5.1826,-1.112,1.3099,0,0
3.42,13.005,-1.4807,1.7311,-3.4049,1.3748,0.60277,-11.129,1.4191,6.41,4.9048,-1.0799,1.4201,0,0
3.41,13.039,-1.4944,1.7254,-3.2933,1.3606,0.53874,-11.177,1.4298,6.3952,4.6267,-1.0478,1.5295,0,0
3.4,13.071,-1.5079,1.7204,-3.1813,1.3462,0.47487,-11.222,1.4401,6.3794,4.3485,-1.0154,1.6381,0,0
3.39,13.102,-1.5213,1.7159,-3.0689,1.3318,0.41116,-11.264,1.4501,6.3625,4.0704,-0.98292,1.7461,0,0
3.38,13.132,-1.5346,1.7121,-2.9561,1.3172,0.34762,-11.303,1.4598,6.3445,3.7924,-0.95032,1.8533,0,0
3.37,13.161,-1.5477,1.709,-2.8428,1.3026,0.28427,-11.34,1.4691,6.3254,3.5146,-0.91761,1.9598,0,0
3.36,13.189,-1.5606,1.7064,-2.7293,1.2878,0.22112,-11.374,1.4781,6.3053,3.2371,-0.88482,2.0656,0,0
3.35,13.216,-1.5734,1.7045,-2.6154,1.273,0.15817,-11.405,1.4868,6.2841,2.96,-0.85197,2.1707,0,0
3.34,13.241,-1.5861,1.7033,-2.5012,1.2581,0.095439,-11.433,1.4951,6.2619,2.6835,-0.81908,2.275,0,0
3.33,13.266,-1.5986,1.7026,-2.3867,1.2431,0.032936,-11.458,1.5032,6.2386,2.4075,-0.78616,2.3787,0,0
3.32,13.289,-1.611,1.7026,-2.272,1.228,-0.02933,-11.481,1.5109,6.2143,2.1323,-0.75324,2.4816,0,0
3.31,13.311,-1.6232,1.7032,-2.1571,1.2129,-0.091347,-11.501,1.5182,6.189,1.8578,-0.72032,2.5838,0,0
3.3,13.332,-1.6352,1.7044,-2.042,1.1977,-0.15311,-11.518,1.5253,6.1626,1.5842,-0.68744,2.6853,0,0
3.29,13.352,-1.6471,1.7063,-1.9268,1.1824,-0.2146,-11.533,1.532,6.1353,1.3117,-0.65459,2.786,0,0
3.28,13.371,-1.6589,1.7087,-1.8114,1.167,-0.27581,-11.544,1.5384,6.1069,1.0401,-0.6218,2.8859,0,0
3.27,13.388,-1.6705,1.7118,-1.6959,1.1516,-0.33673,-11.553,1.5444,6.0776,0.76977,-0.58908,2.9852,0,0
3.26,13.405,-1.6819,1.7155,-1.5803,1.1362,-0.39736,-11.56,1.5501,6.0472,0.50065,-0.55644,3.0836,0,0
3.25,13.42,-1.6932,1.7197,-1.4647,1.1206,-0.45767,-11.563,1.5555,6.0159,0.23286,-0.52391,3.1813,0,0
3.24,13.434,-1.7043,1.7246,-1.3491,1.105,-0.51767,-11.564,1.5606,5.9836,-0.03353,-0.49148,3.2781,0,0
3.23,13.447,-1.7153,1.7301,-1.2334,1.0894,-0.57734,-11.563,1.5654,5.9503,-0.29843,-0.45918,3.3742,0,0
3.22,13.459,-1.7261,1.7362,-1.1178,1.0737,-0.63667,-11.558,1.5698,5.9161,-0.56176,-0.42702,3.4694,0,0
3.21,13.469,-1.7368,1.7428,-1.0023,1.058,-0.69566,-11.552,1.5739,5.881,-0.82344,-0.39501,3.5638,0,0
3.2,13.479,-1.7473,1.7501,-0.8868,1.0423,-0.75429,-11.542,1.5777,5.8448,-1.0834,-0.36316,3.6574,0,0
3.19,13.487,-1.7576,1.7579,-0.77144,1.0265,-0.81255,-11.53,1.5812,5.8078,-1.3416,-0.33147,3.75,0,0
3.18,13.494,-1.7678,1.7663,-0.65621,1.0106,-0.87044,-11.515,1.5843,5.7698,-1.5979,-0.29997,3.8418,0,0
3.17,13.5,-1.7778,1.7753,-0.54114,0.99478,-0.92795,-11.498,1.5872,5.731,-1.8522,-0.26866,3.9327,0,0
3.16,13.505,-1.7877,1.7849,-0.42626,0.9789,-0.98506,-11.478,1.5897,5.6912,-2.1046,-0.23755,4.0226,0,0
3.15,13.509,-1.7974,1.795,-0.31159,0.96299,-1.0418,-11.456,1.5919,5.6505,-2.3548,-0.20664,4.1116,0,0
3.14,13.511,-1.8069,1.8057,-0.19715,0.94706,-1.0981,-11.431,1.5938,5.609,-2.603,-0.17595,4.1996,0,0
3.13,13.513,-1.8163,1.817,-0.082974,0.93111,-1.1539,-11.404,1.5955,5.5665,-2.8489,-0.14549,4.2866,0,0
3.12,13.513,-1.8256,1.8288,0.030917,0.91515,-1.2094,-11.374,1.5968,5.5232,-3.0926,-0.11525,4.3726,0,0
3.11,13.512,-1.8346,1.8412,0.1445,0.89918,-1.2644,-11.342,1.5978,5.4791,-3.3339,-0.085258,4.4575,0,0
3.1,13.51,-1.8435,1.8541,0.25775,0.8832,-1.319,-11.307,1.5985,5.4341,-3.5729,-0.055508,4.5414,0,0
3.09,13.507,-1.8523,1.8675,0.37064,0.86721,-1.3731,-11.27,1.5989,5.3883,-3.8094,-0.026008,4.6242,0,0
3.08,13.503,-1.8609,1.8815,0.48315,0.85122,-1.4267,-11.231,1.599,5.3416,-4.0435,0.0032358,4.7059,0,0
3.07,13.497,-1.8693,1.8961,0.59526,0.83523,-1.4799,-11.19,1.5988,5.2941,-4.275,0.032218,4.7865,0,0
3.06,13.491,-1.8776,1.9111,0.70693,0.81925,-1.5326,-11.146,1.5983,5.2459,-4.5039,0.060933,4.866,0,0
3.05,13.483,-1.8857,1.9267,0.81816,0.80327,-1.5848,-11.1,1.5976,5.1968,-4.7301,0.089378,4.9442,0,0
3.04,13.474,-1.8937,1.9428,0.92892,0.7873,-1.6366,-11.051,1.5966,5.147,-4.9537,0.11755,5.0213,0,0
3.03,13.465,-1.9015,1.9595,1.0392,0.77134,-1.6878,-11,1.5952,5.0964,-5.1746,0.14544,5.0971,0,0
3.02,13.454,-1.9091,1.9766,1.1489,0.75539,-1.7385,-10.948,1.5936,5.0451,-5.3926,0.17305,5.1717,0,0
3.01,13.442,-1.9166,1.9942,1.2581,0.73946,-1.7887,-10.893,1.5918,4.993,-5.6079,0.20037,5.245,0,0
3,13.428,-1.9239,2.0124,1.3668,0.72356,-1.8383,-10.836,1.5896,4.9402,-5.8203,0.22741,5.317,0,0
2.99,13.414,-1.931,2.031,1.4748,0.70767,-1.8875,-10.776,1.5872,4.8866,-6.0299,0.25415,5.3877,0,0
2.98,13.399,-1.938,2.0501,1.5823,0.69181,-1.9361,-10.715,1.5846,4.8324,-6.2365,0.28061,5.457,0,0
2.97,13.383,-1.9449,2.0697,1.6891,0.67598,-1.9841,-10.652,1.5816,4.7775,-6.4401,0.30677,5.525,0,0
2.96,13.365,-1.9515,2.0898,1.7953,0.66018,-2.0316,-10.586,1.5784,4.7219,-6.6408,0.33263,5.5916,0,0
2.95,13.347,-1.9581,2.1103,1.9008,0.64441,-2.0786,-10.519,1.575,4.6657,-6.8385,0.3582,5.6568,0,0
2.94,13.327,-1.9644,2.1314,2.0057,0.62868,-2.1249,-10.449,1.5713,4.6088,-7.0331,0.38347,5.7206,0,0
2.93,13.307,-1.9706,2.1528,2.1098,0.61299,-2.1707,-10.378,1.5673,4.5513,-7.2246,0.40844,5.7829,0,0
2.92,13.285,-1.9767,2.1748,2.2132,0.59734,-2.2159,-10.305,1.5631,4.4931,-7.4131,0.43312,5.8438,0,0
2.91,13.262,-1.9826,2.1972,2.3159,0.58173,-2.2606,-10.23,1.5586,4.4344,-7.5984,0.45749,5.9031,0,0
2.9,13.239,-1.9883,2.22,2.4178,0.56617,-2.3046,-10.153,1.5539,4.3751,-7.7807,0.48157,5.961,0,0
2.89,13.214,-1.9939,2.2432,2.519,0.55065,-2.3481,-10.074,1.549,4.3152,-7.9597,0.50535,6.0173,0,0
2.88,13.188,-1.9993,2.2669,2.6193,0.53519,-2.3909,-9.9937,1.5438,4.2547,-8.1356,0.52883,6.0721,0,0
2.87,13.162,-2.0046,2.2911,2.7188,0.51978,-2.4332,-9.9115,1.5384,4.1938,-8.3083,0.55202,6.1253,0,0
2.86,13.134,-2.0097,2.3156,2.8175,0.50442,-2.4748,-9.8276,1.5328,4.1322,-8.4778,0.57491,6.1769,0,0
2.85,13.105,-2.0147,2.3406,2.9154,0.48912,-2.5158,-9.742,1.5269,4.0702,-8.6441,0.5975,6.2269,0,0
2.84,13.076,-2.0195,2.3659,3.0124,0.47388,-2.5562,-9.6547,1.5208,4.0077,-8.8072,0.6198,6.2752,0,0
2.83,13.045,-2.0242,2.3917,3.1085,0.4587,-2.596,-9.5658,1.5145,3.9447,-8.9671,0.64181,6.322,0,0
2.82,13.013,-2.0287,2.4178,3.2037,0.44359,-2.6351,-9.4754,1.508,3.8813,-9.1237,0.66352,6.3671,0,0
2.81,12.981,-2.0331,2.4444,3.298,0.42854,-2.6736,-9.3834,1.5013,3.8174,-9.2771,0.68495,6.4105,0,0
2.8,12.947,-2.0373,2.4713,3.3913,0.41357,-2.7115,-9.2899,1.4943,3.7531,-9.4272,0.70609,6.4522,0,0
2.79,12.913,-2.0413,2.4986,3.4838,0.39866,-2.7487,-9.1948,1.4872,3.6884,-9.5741,0.72694,6.4923,0,0
2.78,12.878,-2.0452,2.5263,3.5752,0.38382,-2.7852,-9.0984,1.4798,3.6232,-9.7177,0.74751,6.5306,0,0
2.77,12.842,-2.049,2.5543,3.6657,0.36906,-2.8211,-9.0005,1.4722,3.5577,-9.8581,0.7678,6.5672,0,0
2.76,12.804,-2.0526,2.5827,3.7552,0.35438,-2.8564,-8.9012,1.4644,3.4919,-9.9953,0.78781,6.6021,0,0
2.75,12.766,-2.0561,2.6114,3.8437,0.33978,-2.891,-8.8006,1.4564,3.4257,-10.129,0.80754,6.6353,0,0
2.74,12.728,-2.0594,2.6405,3.9312,0.32525,-2.9249,-8.6987,1.4483,3.3592,-10.26,0.827,6.6667,0,0
2.73,12.688,-2.0626,2.6699,4.0177,0.31081,-2.9581,-8.5954,1.4399,3.2924,-10.387,0.84618,6.6964,0,0
2.72,12.647,-2.0656,2.6997,4.1031,0.29645,-2.9907,-8.4909,1.4314,3.2253,-10.511,0.86509,6.7243,0,0
2.71,12.606,-2.0685,2.7297,4.1875,0.28218,-3.0226,-8.3852,1.4226,3.1579,-10.632,0.88374,6.7504,0,0
2.7,12.563,-2.0713,2.7601,4.2708,0.268,-3.0539,-8.2783,1.4137,3.0903,-10.75,0.90212,6.7748,0,0
2.69,12.52,-2.0739,2.7908,4.3531,0.25391,-3.0845,-8.1702,1.4046,3.0224,-10.865,0.92024,6.7974,0,0
2.68,12.476,-2.0764,2.8218,4.4342,0.23991,-3.1143,-8.061,1.3953,2.9543,-10.976,0.9381,6.8182,0,0
2.67,12.432,-2.0787,2.8531,4.5143,0.22601,-3.1435,-7.9507,1.3858,2.8861,-11.084,0.95569,6.8372,0,0
2.66,12.386,-2.0809,2.8847,4.5933,0.2122,-3.1721,-7.8393,1.3762,2.8176,-11.189,0.97304,6.8545,0,0
2.65,12.34,-2.0829,2.9165,4.6711,0.19848,-3.1999,-7.7269,1.3663,2.749,-11.291,0.99013,6.87,0,0
2.64,12.293,-2.0848,2.9487,4.7478,0.18487,-3.227,-7.6135,1.3564,2.6802,-11.389,1.007,6.8837,0,0
2.63,12.245,-2.0866,2.9811,4.8234,0.17136,-3.2535,-7.4992,1.3462,2.6113,-11.485,1.0236,6.8956,0,0
2.62,12.196,-2.0883,3.0137,4.8978,0.15795,-3.2793,-7.3838,1.3359,2.5423,-11.577,1.0399,6.9057,0,0
2.61,12.147,-2.0898,3.0467,4.971,0.14464,-3.3043,-7.2676,1.3254,2.4732,-11.667,1.056,6.9141,0,0
2.6,12.097,-2.0912,3.0798,5.0431,0.13144,-3.3287,-7.1505,1.3148,2.404,-11.753,1.0719,6.9207,0,0
2.59,12.046,-2.0924,3.1132,5.114,0.11835,-3.3524,-7.0326,1.304,2.3348,-11.836,1.0875,6.9255,0,0
2.58,11.995,-2.0935,3.1469,5.1838,0.10536,-3.3754,-6.9138,1.293,2.2655,-11.916,1.1029,6.9286,0,0
2.57,11.942,-2.0945,3.1807,5.2523,0.092486,-3.3977,-6.7943,1.2819,2.1962,-11.993,1.118,6.9299,0,0
2.56,11.89,-2.0954,3.2148,5.3197,0.079723,-3.4193,-6.674,1.2707,2.1269,-12.067,1.1329,6.9295,0,0
2.55,11.836,-2.0961,3.2491,5.3858,0.067073,-3.4403,-6.5529,1.2593,2.0576,-12.139,1.1476,6.9273,0,0
2.54,11.782,-2.0967,3.2836,5.4507,0.054538,-3.4605,-6.4312,1.2477,1.9884,-12.207,1.1621,6.9234,0,0
2.53,11.727,-2.0972,3.3183,5.5144,0.042119,-3.48,-6.3088,1.236,1.9192,-12.272,1.1763,6.9179,0,0
2.52,11.672,-2.0976,3.3532,5.5769,0.029818,-3.4989,-6.1858,1.2242,1.85,-12.334,1.1903,6.9106,0,0
2.51,11.615,-2.0978,3.3883,5.6381,0.017636,-3.517,-6.0621,1.2122,1.781,-12.394,1.2041,6.9016,0,0
2.5,11.559,-2.0979,3.4236,5.6981,0.0055744,-3.5345,-5.9379,1.2001,1.712,-12.45,1.2176,6.8909,0,0
2.49,11.501,-2.0979,3.459,5.7569,-0.0063655,-3.5513,-5.8131,1.1879,1.6432,-12.504,1.231,6.8786,0,0
2.48,11.444,-2.0978,3.4946,5.8144,-0.018182,-3.5674,-5.6878,1.1755,1.5744,-12.555,1.2441,6.8646,0,0
2.47,11.385,-2.0976,3.5303,5.8706,-0.029875,-3.5828,-5.562,1.163,1.5059,-12.603,1.257,6.849,0,0
2.46,11.326,-2.0972,3.5662,5.9256,-0.041441,-3.5975,-5.4358,1.1503,1.4375,-12.648,1.2696,6.8318,0,0
2.45,11.267,-2.0967,3.6023,5.9793,-0.052881,-3.6115,-5.3091,1.1376,1.3692,-12.69,1.2821,6.813,0,0
2.44,11.207,-2.0961,3.6385,6.0318,-0.064193,-3.6249,-5.182,1.1247,1.3012,-12.73,1.2943,6.7926,0,0
2.43,11.146,-2.0954,3.6748,6.083,-0.075375,-3.6375,-5.0545,1.1117,1.2334,-12.767,1.3063,6.7707,0,0
2.42,11.085,-2.0946,3.7112,6.1329,-0.086426,-3.6495,-4.9267,1.0986,1.1658,-12.801,1.3182,6.7472,0,0
2.41,11.023,-2.0937,3.7478,6.1815,-0.097346,-3.6609,-4.7985,1.0853,1.0984,-12.833,1.3297,6.7222,0,0
2.4,10.961,-2.0927,3.7844,6.2289,-0.10813,-3.6715,-4.67,1.072,1.0314,-12.862,1.3411,6.6957,0,0
2.39,10.899,-2.0916,3.8212,6.2749,-0.11879,-3.6815,-4.5413,1.0585,0.96454,-12.888,1.3523,6.6677,0,0
2.38,10.836,-2.0903,3.8581,6.3197,-0.1293,-3.6908,-4.4122,1.0449,0.89801,-12.912,1.3632,6.6382,0,0
2.37,10.772,-2.089,3.895,6.3632,-0.13968,-3.6994,-4.283,1.0313,0.83178,-12.933,1.3739,6.6074,0,0
2.36,10.709,-2.0875,3.9321,6.4053,-0.14993,-3.7074,-4.1536,1.0175,0.76587,-12.952,1.3844,6.5751,0,0
2.35,10.644,-2.086,3.9692,6.4462,-0.16003,-3.7148,-4.024,1.0036,0.70028,-12.968,1.3947,6.5414,0,0
2.34,10.58,-2.0843,4.0063,6.4858,-0.17,-3.7214,-3.8942,0.98957,0.63504,-12.982,1.4048,6.5064,0,0
2.33,10.515,-2.0826,4.0436,6.5241,-0.17982,-3.7275,-3.7644,0.97547,0.57016,-12.993,1.4146,6.47,0,0
2.32,10.449,-2.0807,4.0809,6.5611,-0.18951,-3.7328,-3.6344,0.96128,0.50565,-13.002,1.4243,6.4323,0,0
2.31,10.383,-2.0788,4.1182,6.5968,-0.19905,-3.7376,-3.5043,0.94699,0.44152,-13.008,1.4337,6.3933,0,0
2.3,10.317,-2.0767,4.1556,6.6312,-0.20845,-3.7417,-3.3742,0.9326,0.37779,-13.012,1.4428,6.3531,0,0
2.29,10.251,-2.0746,4.1931,6.6643,-0.2177,-3.7451,-3.2441,0.91813,0.31446,-13.013,1.4518,6.3116,0,0
2.28,10.184,-2.0724,4.2305,6.6961,-0.22681,-3.748,-3.114,0.90357,0.25156,-13.012,1.4605,6.2689,0,0
2.27,10.117,-2.0701,4.268,6.7266,-0.23577,-3.7502,-2.9839,0.88892,0.18909,-13.009,1.469,6.2251,0,0
2.26,10.049,-2.0677,4.3055,6.7558,-0.24459,-3.7518,-2.8538,0.87419,0.12706,-13.003,1.4773,6.1801,0,0
2.25,9.9818,-2.0652,4.3431,6.7836,-0.25326,-3.7527,-2.7238,0.85937,0.06549,-12.995,1.4853,6.1339,0,0
2.24,9.9138,-2.0626,4.3806,6.8102,-0.26177,-3.7531,-2.5939,0.84448,0.0043859,-12.984,1.4931,6.0867,0,0
2.23,9.8456,-2.06,4.4181,6.8355,-0.27014,-3.7528,-2.4642,0.82951,-0.05624,-12.972,1.5007,6.0384,0,0
2.22,9.7771,-2.0572,4.4556,6.8595,-0.27836,-3.7519,-2.3345,0.81447,-0.11638,-12.957,1.508,5.989,0,0
2.21,9.7084,-2.0544,4.4932,6.8822,-0.28643,-3.7505,-2.205,0.79935,-0.17602,-12.94,1.5151,5.9387,0,0
2.2,9.6395,-2.0515,4.5307,6.9036,-0.29435,-3.7484,-2.0757,0.78417,-0.23515,-12.92,1.522,5.8873,0,0
2.19,9.5703,-2.0485,4.5681,6.9237,-0.30212,-3.7458,-1.9466,0.76891,-0.29376,-12.899,1.5286,5.835,0,0
2.18,9.501,-2.0454,4.6056,6.9426,-0.30973,-3.7425,-1.8177,0.7536,-0.35185,-12.875,1.5349,5.7818,0,0
2.17,9.4315,-2.0423,4.643,6.9601,-0.31719,-3.7387,-1.6891,0.73822,-0.40939,-12.849,1.541,5.7277,0,0
2.16,9.3618,-2.0391,4.6803,6.9763,-0.32449,-3.7344,-1.5608,0.72278,-0.4664,-12.821,1.5468,5.6727,0,0
2.15,9.292,-2.0358,4.7177,6.9913,-0.33164,-3.7294,-1.4327,0.70728,-0.52285,-12.79,1.5524,5.6169,0,0
2.14,9.222,-2.0325,4.7549,7.005,-0.33864,-3.7239,-1.305,0.69173,-0.57873,-12.758,1.5577,5.5602,0,0
2.13,9.1519,-2.029,4.7921,7.0174,-0.34548,-3.7178,-1.1776,0.67613,-0.63405,-12.723,1.5627,5.5028,0,0
2.12,9.0816,-2.0256,4.8293,7.0285,-0.35216,-3.7112,-1.0505,0.66048,-0.68879,-12.687,1.5675,5.4446,0,0
2.11,9.0113,-2.022,4.8664,7.0384,-0.35869,-3.7041,-0.92384,0.64478,-0.74294,-12.648,1.572,5.3857,0,0
2.1,8.9409,-2.0184,4.9034,7.047,-0.36506,-3.6964,-0.79757,0.62904,-0.7965,-12.607,1.5762,5.3261,0,0
2.09,8.8704,-2.0147,4.9403,7.0544,-0.37127,-3.6881,-0.67172,0.61326,-0.84946,-12.563,1.5801,5.2659,0,0
2.08,8.7998,-2.011,4.9771,7.0605,-0.37732,-3.6794,-0.54631,0.59744,-0.90181,-12.518,1.5837,5.205,0,0
2.07,8.7292,-2.0072,5.0139,7.0653,-0.38322,-3.6701,-0.42136,0.58158,-0.95356,-12.471,1.5871,5.1435,0,0
2.06,8.6585,-2.0033,5.0505,7.0689,-0.38895,-3.6603,-0.29689,0.5657,-1.0047,-12.422,1.5901,5.0814,0,0
2.05,8.5878,-1.9994,5.0871,7.0712,-0.39453,-3.65,-0.17293,0.54978,-1.0552,-12.37,1.5929,5.0187,0,0
2.04,8.5171,-1.9954,5.1235,7.0723,-0.39995,-3.6392,-0.049499,0.53384,-1.1051,-12.317,1.5953,4.9555,0,0
2.03,8.4463,-1.9914,5.1599,7.0722,-0.40521,-3.6279,0.073391,0.51788,-1.1543,-12.261,1.5975,4.8918,0,0
2.02,8.3756,-1.9873,5.1961,7.0709,-0.41031,-3.6161,0.19571,0.50189,-1.2029,-12.203,1.5993,4.8276,0,0
2.01,8.3049,-1.9832,5.2322,7.0683,-0.41525,-3.6039,0.31745,0.48589,-1.2508,-12.144,1.6008,4.763,0,0
2,8.2343,-1.979,5.2682,7.0645,-0.42002,-3.5911,0.43858,0.46988,-1.2981,-12.082,1.602,4.6979,0,0
1.99,8.1636,-1.9748,5.304,7.0595,-0.42464,-3.5779,0.55908,0.45385,-1.3448,-12.018,1.6028,4.6325,0,0
1.98,8.0931,-1.9705,5.3397,7.0534,-0.4291,-3.5642,0.67894,0.43782,-1.3908,-11.952,1.6034,4.5666,0,0
1.97,8.0226,-1.9662,5.3753,7.046,-0.4334,-3.5501,0.79812,0.42179,-1.4361,-11.884,1.6035,4.5004,0,0
1.96,7.9522,-1.9618,5.4107,7.0374,-0.43754,-3.5355,0.91662,0.40575,-1.4808,-11.814,1.6034,4.4339,0,0
1.95,7.8818,-1.9574,5.446,7.0276,-0.44151,-3.5205,1.0344,0.38972,-1.5248,-11.742,1.6029,4.3671,0,0
1.94,7.8116,-1.953,5.4811,7.0167,-0.44533,-3.505,1.1515,0.3737,-1.5681,-11.668,1.602,4.3,0,0
1.93,7.7415,-1.9485,5.5161,7.0046,-0.44899,-3.4891,1.2678,0.35768,-1.6108,-11.592,1.6008,4.2326,0,0
1.92,7.6715,-1.944,5.5509,6.9914,-0.45249,-3.4728,1.3833,0.34168,-1.6528,-11.514,1.5993,4.1649,0,0
1.91,7.6017,-1.9395,5.5855,6.9769,-0.45582,-3.4561,1.498,0.3257,-1.6941,-11.434,1.5973,4.0971,0,0
1.9,7.532,-1.9349,5.62,6.9614,-0.459,-3.4389,1.612,0.30974,-1.7347,-11.352,1.595,4.029,0,0
1.89,7.4625,-1.9303,5.6543,6.9447,-0.46202,-3.4214,1.7251,0.2938,-1.7747,-11.267,1.5924,3.9608,0,0
1.88,7.3931,-1.9257,5.6884,6.9269,-0.46488,-3.4034,1.8373,0.27789,-1.8139,-11.181,1.5893,3.8924,0,0
1.87,7.3239,-1.921,5.7224,6.908,-0.46757,-3.3851,1.9487,0.26201,-1.8525,-11.092,1.5859,3.8238,0,0
1.86,7.2549,-1.9163,5.7561,6.8879,-0.47012,-3.3664,2.0591,0.24617,-1.8904,-11.002,1.5821,3.7551,0,0
1.85,7.1862,-1.9116,5.7897,6.8668,-0.4725,-3.3473,2.1687,0.23037,-1.9276,-10.909,1.5779,3.6864,0,0
1.84,7.1176,-1.9069,5.8231,6.8446,-0.47472,-3.3278,2.2773,0.21462,-1.9642,-10.815,1.5733,3.6175,0,0
1.83,7.0493,-1.9021,5.8563,6.8212,-0.47679,-3.308,2.385,0.19891,-2,-10.718,1.5683,3.5485,0,0
1.82,6.9812,-1.8973,5.8893,6.7969,-0.4787,-3.2878,2.4917,0.18325,-2.0351,-10.619,1.5629,3.4795,0,0
1.81,6.9133,-1.8925,5.922,6.7714,-0.48046,-3.2673,2.5974,0.16765,-2.0696,-10.518,1.5571,3.4104,0,0
1.8,6.8458,-1.8877,5.9546,6.7449,-0.48205,-3.2464,2.702,0.15211,-2.1033,-10.415,1.5509,3.3412,0,0
1.79,6.7784,-1.8829,5.987,6.7174,-0.4835,-3.2252,2.8057,0.13663,-2.1364,-10.31,1.5443,3.2721,0,0
1.78,6.7114,-1.8781,6.0191,6.6888,-0.48479,-3.2037,2.9082,0.12122,-2.1688,-10.203,1.5373,3.2029,0,0
1.77,6.6447,-1.8732,6.051,6.6592,-0.48592,-3.1819,3.0097,0.10589,-2.2005,-10.093,1.5298,3.1337,0,0
1.76,6.5782,-1.8683,6.0827,6.6286,-0.48691,-3.1597,3.1101,0.090629,-2.2314,-9.9817,1.5219,3.0646,0,0
1.75,6.5121,-1.8635,6.1142,6.597,-0.48774,-3.1372,3.2093,0.075451,-2.2617,-9.868,1.5136,2.9954,0,0
1.74,6.4463,-1.8586,6.1455,6.5644,-0.48842,-3.1145,3.3074,0.060358,-2.2914,-9.7522,1.5049,2.9263,0,0
1.73,6.3808,-1.8537,6.1765,6.5309,-0.48894,-3.0914,3.4044,0.045354,-2.3203,-9.6343,1.4958,2.8572,0,0
1.72,6.3157,-1.8488,6.2073,6.4964,-0.48932,-3.0681,3.5001,0.030444,-2.3485,-9.5142,1.4862,2.7882,0,0
1.71,6.2509,-1.8439,6.2379,6.4609,-0.48955,-3.0444,3.5946,0.015632,-2.376,-9.3919,1.4761,2.7192,0,0
1.7,6.1865,-1.839,6.2682,6.4245,-0.48964,-3.0205,3.6879,0.00092273,-2.4029,-9.2675,1.4657,2.6502,0,0
1.69,6.1224,-1.8341,6.2983,6.3871,-0.48957,-2.9964,3.78,-0.01368,-2.429,-9.141,1.4548,2.5813,0,0
1.68,6.0587,-1.8292,6.3281,6.3489,-0.48936,-2.972,3.8708,-0.028171,-2.4545,-9.0122,1.4434,2.5125,0,0
1.67,5.9954,-1.8243,6.3577,6.3097,-0.48901,-2.9473,3.9602,-0.042547,-2.4793,-8.8813,1.4316,2.4438,0,0
1.66,5.9325,-1.8194,6.3871,6.2697,-0.48851,-2.9224,4.0484,-0.056803,-2.5034,-8.7483,1.4194,2.3751,0,0
1.65,5.87,-1.8146,6.4162,6.2287,-0.48787,-2.8972,4.1352,-0.070934,-2.5268,-8.613,1.4067,2.3065,0,0
1.64,5.808,-1.8097,6.445,6.187,-0.48709,-2.8719,4.2206,-0.084936,-2.5495,-8.4756,1.3936,2.238,0,0
1.63,5.7463,-1.8048,6.4736,6.1443,-0.48617,-2.8462,4.3047,-0.098805,-2.5716,-8.336,1.3801,2.1695,0,0
1.62,5.6851,-1.8,6.5019,6.1009,-0.48512,-2.8204,4.3873,-0.11254,-2.5929,-8.1942,1.366,2.1012,0,0
1.61,5.6243,-1.7951,6.53,6.0566,-0.48392,-2.7944,4.4686,-0.12612,-2.6136,-8.0502,1.3516,2.0329,0,0
1.6,5.564,-1.7903,6.5578,6.0115,-0.4826,-2.7682,4.5483,-0.13957,-2.6336,-7.904,1.3367,1.9647,0,0
1.59,5.5041,-1.7855,6.5854,5.9656,-0.48113,-2.7417,4.6266,-0.15286,-2.6529,-7.7557,1.3214,1.8966,0,0
1.58,5.4446,-1.7807,6.6127,5.919,-0.47954,-2.7151,4.7034,-0.16599,-2.6715,-7.6052,1.3056,1.8286,0,0
1.57,5.3857,-1.7759,6.6397,5.8716,-0.47781,-2.6883,4.7787,-0.17897,-2.6894,-7.4525,1.2893,1.7606,0,0
1.56,5.3272,-1.7711,6.6664,5.8234,-0.47596,-2.6613,4.8525,-0.19178,-2.7067,-7.2976,1.2727,1.6928,0,0
1.55,5.2692,-1.7664,6.6929,5.7745,-0.47398,-2.6342,4.9247,-0.20442,-2.7233,-7.1406,1.2556,1.625,0,0
1.54,5.2117,-1.7616,6.7191,5.7249,-0.47187,-2.6068,4.9953,-0.21689,-2.7392,-6.9815,1.238,1.5572,0,0
1.53,5.1547,-1.7569,6.745,5.6746,-0.46964,-2.5794,5.0643,-0.22918,-2.7544,-6.8202,1.22,1.4896,0,0
1.52,5.0982,-1.7522,6.7707,5.6236,-0.46729,-2.5518,5.1317,-0.24129,-2.769,-6.6567,1.2016,1.422,0,0
1.51,5.0423,-1.7476,6.7961,5.572,-0.46482,-2.524,5.1974,-0.25321,-2.7829,-6.4912,1.1828,1.3544,0,0
1.5,4.9868,-1.7429,6.8212,5.5197,-0.46223,-2.4961,5.2615,-0.26494,-2.7961,-6.3235,1.1635,1.287,0,0
1.49,4.9319,-1.7383,6.846,5.4668,-0.45952,-2.4681,5.3239,-0.27648,-2.8086,-6.1537,1.1438,1.2195,0,0
1.48,4.8775,-1.7337,6.8705,5.4132,-0.4567,-2.4399,5.3846,-0.28782,-2.8205,-5.9819,1.1237,1.1522,0,0
1.47,4.8236,-1.7292,6.8948,5.3591,-0.45376,-2.4117,5.4435,-0.29895,-2.8317,-5.808,1.1032,1.0848,0,0
1.46,4.7703,-1.7247,6.9188,5.3044,-0.45072,-2.3833,5.5007,-0.30988,-2.8422,-5.632,1.0823,1.0175,0,0
1.45,4.7175,-1.7202,6.9425,5.2491,-0.44757,-2.3548,5.5562,-0.3206,-2.852,-5.454,1.061,0.95025,0,0
1.44,4.6653,-1.7157,6.9659,5.1933,-0.44431,-2.3263,5.6098,-0.3311,-2.8612,-5.2741,1.0393,0.883,0,0
1.43,4.6137,-1.7113,6.989,5.1369,-0.44095,-2.2976,5.6616,-0.34138,-2.8697,-5.0921,1.0172,0.81578,0,0
1.42,4.5626,-1.7069,7.0118,5.08,-0.43748,-2.2689,5.7116,-0.35144,-2.8775,-4.9082,0.99468,0.74858,0,0
1.41,4.5121,-1.7025,7.0344,5.0227,-0.43392,-2.2401,5.7598,-0.36127,-2.8846,-4.7224,0.97181,0.68138,0,0
1.4,4.4621,-1.6982,7.0566,4.9648,-0.43026,-2.2112,5.8061,-0.37087,-2.8911,-4.5347,0.94857,0.61419,0,0
1.39,4.4128,-1.6939,7.0786,4.9066,-0.4265,-2.1822,5.8505,-0.38024,-2.8969,-4.3451,0.92497,0.547,0,0
1.38,4.364,-1.6897,7.1003,4.8478,-0.42265,-2.1533,5.893,-0.38937,-2.9021,-4.1537,0.90101,0.47981,0,0
1.37,4.3158,-1.6855,7.1216,4.7887,-0.41871,-2.1242,5.9335,-0.39826,-2.9065,-3.9605,0.8767,0.4126,0,0
1.36,4.2682,-1.6813,7.1427,4.7292,-0.41469,-2.0951,5.9722,-0.40691,-2.9103,-3.7656,0.85206,0.34538,0,0
1.35,4.2212,-1.6772,7.1635,4.6693,-0.41058,-2.066,6.0088,-0.4153,-2.9134,-3.569,0.82709,0.27814,0,0
1.34,4.1748,-1.6731,7.1841,4.609,-0.40638,-2.0369,6.0435,-0.42345,-2.9159,-3.3707,0.8018,0.21088,0,0
1.33,4.129,-1.6691,7.2043,4.5484,-0.40211,-2.0077,6.0763,-0.43134,-2.9177,-3.1708,0.7762,0.14359,0,0
1.32,4.0839,-1.6651,7.2242,4.4875,-0.39776,-1.9785,6.107,-0.43897,-2.9188,-2.9694,0.75029,0.076265,0,0
1.31,4.0393,-1.6611,7.2439,4.4263,-0.39333,-1.9493,6.1356,-0.44634,-2.9192,-2.7664,0.7241,0.0089105,0,0
1.3,3.9953,-1.6572,7.2632,4.3648,-0.38883,-1.9201,6.1623,-0.45345,-2.9189,-2.562,0.69763,-0.05848,0,0
1.29,3.952,-1.6533,7.2823,4.303,-0.38426,-1.8909,6.1869,-0.46029,-2.918,-2.3562,0.6709,-0.12591,0,0
1.28,3.9093,-1.6495,7.301,4.241,-0.37963,-1.8618,6.2094,-0.46687,-2.9164,-2.149,0.6439,-0.19337,0,0
1.27,3.8672,-1.6457,7.3195,4.1788,-0.37493,-1.8326,6.2298,-0.47317,-2.9141,-1.9406,0.61667,-0.26088,0,0
1.26,3.8257,-1.642,7.3377,4.1165,-0.37016,-1.8035,6.2482,-0.4792,-2.9112,-1.731,0.5892,-0.32843,0,0
1.25,3.7848,-1.6383,7.3556,4.0539,-0.36534,-1.7744,6.2645,-0.48495,-2.9076,-1.5202,0.56152,-0.39601,0,0
1.24,3.7446,-1.6347,7.3732,3.9912,-0.36047,-1.7453,6.2786,-0.49043,-2.9033,-1.3083,0.53363,-0.46363,0,0
1.23,3.705,-1.6311,7.3905,3.9283,-0.35553,-1.7163,6.2906,-0.49563,-2.8983,-1.0954,0.50555,-0.53128,0,0
1.22,3.6661,-1.6276,7.4075,3.8654,-0.35055,-1.6874,6.3005,-0.50054,-2.8926,-0.88165,0.47729,-0.59897,0,0
1.21,3.6277,-1.6241,7.4242,3.8023,-0.34552,-1.6585,6.3083,-0.50517,-2.8863,-0.66702,0.44887,-0.66668,0,0
1.2,3.59,-1.6207,7.4407,3.7392,-0.34045,-1.6296,6.3139,-0.50952,-2.8793,-0.45163,0.4203,-0.73441,0,0
1.19,3.5529,-1.6173,7.4568,3.676,-0.33534,-1.6009,6.3173,-0.51358,-2.8716,-0.23557,0.3916,-0.80216,0,0
1.18,3.5165,-1.614,7.4727,3.6129,-0.33018,-1.5722,6.3186,-0.51735,-2.8633,-0.018916,0.36279,-0.86991,0,0
1.17,3.4807,-1.6107,7.4883,3.5497,-0.32499,-1.5436,6.3177,-0.52083,-2.8542,0.19823,0.33387,-0.93767,0,0
1.16,3.4455,-1.6075,7.5035,3.4865,-0.31976,-1.5151,6.3146,-0.52403,-2.8445,0.41578,0.30486,-1.0054,0,0
1.15,3.4109,-1.6043,7.5186,3.4234,-0.31451,-1.4867,6.3093,-0.52693,-2.8341,0.63363,0.27579,-1.0731,0,0
1.14,3.377,-1.6012,7.5333,3.3603,-0.30923,-1.4585,6.3019,-0.52954,-2.8231,0.85168,0.24666,-1.1408,0,0
1.13,3.3437,-1.5981,7.5477,3.2974,-0.30392,-1.4303,6.2923,-0.53186,-2.8113,1.0698,0.2175,-1.2085,0,0
1.12,3.3111,-1.5951,7.5619,3.2345,-0.29859,-1.4022,6.2805,-0.53389,-2.7989,1.288,0.18832,-1.2761,0,0
1.11,3.279,-1.5922,7.5758,3.1718,-0.29324,-1.3743,6.2666,-0.53563,-2.7858,1.506,0.15914,-1.3436,0,0
1.1,3.2476,-1.5893,7.5894,3.1092,-0.28788,-1.3465,6.2504,-0.53707,-2.772,1.7238,0.12997,-1.411,0,0
1.09,3.2169,-1.5864,7.6027,3.0468,-0.2825,-1.3189,6.2321,-0.53823,-2.7576,1.9412,0.10085,-1.4783,0,0
1.08,3.1867,-1.5836,7.6158,2.9845,-0.27712,-1.2914,6.2116,-0.53909,-2.7424,2.1582,0.071778,-1.5454,0,0
1.07,3.1572,-1.5809,7.6285,2.9225,-0.27172,-1.264,6.1889,-0.53966,-2.7267,2.3746,0.04278,-1.6124,0,0
1.06,3.1283,-1.5782,7.641,2.8608,-0.26632,-1.2368,6.1641,-0.53995,-2.7102,2.5902,0.013875,-1.6793,0,0
1.05,3.1,-1.5755,7.6533,2.7993,-0.26092,-1.2098,6.1371,-0.53994,-2.6931,2.8051,-0.014917,-1.7459,0,0
1.04,3.0723,-1.573,7.6652,2.738,-0.25553,-1.183,6.108,-0.53965,-2.6753,3.0189,-0.043578,-1.8123,0,0
1.03,3.0452,-1.5704,7.6769,2.6771,-0.25013,-1.1563,6.0767,-0.53907,-2.6568,3.2317,-0.072088,-1.8785,0,0
1.02,3.0187,-1.5679,7.6884,2.6165,-0.24475,-1.1298,6.0434,-0.53821,-2.6377,3.4432,-0.10043,-1.9443,0,0
1.01,2.9929,-1.5655,7.6995,2.5563,-0.23937,-1.1036,6.0079,-0.53706,-2.6179,3.6533,-0.12857,-2.0099,0,0
1,2.9676,-1.5632,7.7104,2.4964,-0.234,-1.0775,5.9703,-0.53564,-2.5975,3.8619,-0.15651,-2.0751,0,0
0.99,2.9429,-1.5608,7.7211,2.4369,-0.22866,-1.0516,5.9307,-0.53393,-2.5764,4.0688,-0.18421,-2.1399,0,0
0.98,2.9189,-1.5586,7.7315,2.3778,-0.22333,-1.026,5.8889,-0.53195,-2.5547,4.2739,-0.21166,-2.2043,0,0
0.97,2.8954,-1.5564,7.7416,2.3191,-0.21802,-1.0005,5.8452,-0.5297,-2.5324,4.477,-0.23883,-2.2682,0,0
0.96,2.8725,-1.5542,7.7515,2.2609,-0.21273,-0.97532,5.7994,-0.52718,-2.5094,4.678,-0.26572,-2.3316,0,0
0.95,2.8502,-1.5521,7.7611,2.2031,-0.20748,-0.95034,5.7516,-0.52439,-2.4857,4.8768,-0.29228,-2.3945,0,0
0.94,2.8284,-1.5501,7.7705,2.1458,-0.20225,-0.9256,5.7019,-0.52133,-2.4615,5.0731,-0.31851,-2.4568,0,0
0.93,2.8072,-1.5481,7.7796,2.0891,-0.19705,-0.90111,5.6502,-0.51802,-2.4366,5.2668,-0.34438,-2.5185,0,0
0.92,2.7866,-1.5461,7.7885,2.0328,-0.19189,-0.87687,5.5965,-0.51445,-2.4111,5.4578,-0.36987,-2.5795,0,0
0.91,2.7666,-1.5442,7.7972,1.9771,-0.18676,-0.85289,5.541,-0.51062,-2.385,5.6458,-0.39496,-2.6398,0,0
0.9,2.7471,-1.5424,7.8056,1.922,-0.18168,-0.82918,5.4836,-0.50655,-2.3583,5.8308,-0.41963,-2.6993,0,0
0.89,2.7281,-1.5406,7.8137,1.8675,-0.17663,-0.80573,5.4244,-0.50223,-2.331,6.0125,-0.44386,-2.758,0,0
0.88,2.7097,-1.5389,7.8217,1.8135,-0.17163,-0.78256,5.3634,-0.49767,-2.3032,6.1908,-0.46763,-2.8158,0,0
0.87,2.6919,-1.5372,7.8294,1.7602,-0.16668,-0.75967,5.3006,-0.49288,-2.2747,6.3655,-0.49091,-2.8726,0,0
0.86,2.6745,-1.5355,7.8369,1.7075,-0.16178,-0.73706,5.2361,-0.48786,-2.2457,6.5365,-0.51368,-2.9285,0,0
0.85,2.6577,-1.5339,7.8441,1.6555,-0.15692,-0.71475,5.1699,-0.48261,-2.2161,6.7035,-0.53593,-2.9833,0,0
0.84,2.6414,-1.5324,7.8512,1.6041,-0.15212,-0.69274,5.102,-0.47714,-2.186,6.8665,-0.55763,-3.0371,0,0
0.83,2.6256,-1.5309,7.858,1.5535,-0.14738,-0.67104,5.0326,-0.47146,-2.1554,7.0252,-0.57876,-3.0896,0,0
0.82,2.6103,-1.5294,7.8646,1.5035,-0.1427,-0.64964,4.9616,-0.46557,-2.1243,7.1794,-0.59931,-3.1409,0,0
0.81,2.5956,-1.528,7.871,1.4542,-0.13807,-0.62855,4.889,-0.45947,-2.0926,7.329,-0.61925,-3.191,0,0
0.8,2.5813,-1.5267,7.8772,1.4057,-0.13351,-0.60779,4.815,-0.45318,-2.0604,7.4738,-0.63856,-3.2396,0,0
0.79,2.5674,-1.5254,7.8831,1.3579,-0.12901,-0.58734,4.7396,-0.4467,-2.0278,7.6136,-0.65723,-3.2869,0,0
0.78,2.5541,-1.5241,7.8889,1.3109,-0.12457,-0.56723,4.6627,-0.44004,-1.9947,7.7483,-0.67523,-3.3326,0,0
0.77,2.5412,-1.5229,7.8945,1.2647,-0.12021,-0.54745,4.5846,-0.4332,-1.9612,7.8777,-0.69254,-3.3768,0,0
0.76,2.5288,-1.5217,7.8999,1.2192,-0.11591,-0.52801,4.5052,-0.42619,-1.9272,8.0016,-0.70915,-3.4193,0,0
0.75,2.5168,-1.5206,7.905,1.1746,-0.11168,-0.50891,4.4246,-0.41902,-1.8928,8.1198,-0.72504,-3.4601,0,0
0.74,2.5053,-1.5195,7.91,1.1308,-0.10753,-0.49016,4.3428,-0.4117,-1.858,8.2322,-0.74019,-3.4992,0,0
0.73,2.4942,-1.5184,7.9149,1.0877,-0.10345,-0.47175,4.26,-0.40422,-1.8228,8.3386,-0.75458,-3.5364,0,0
0.72,2.4835,-1.5174,7.9195,1.0456,-0.099446,-0.4537,4.1761,-0.39661,-1.7873,8.4389,-0.7682,-3.5717,0,0
0.71,2.4733,-1.5164,7.9239,1.0042,-0.095518,-0.43601,4.0912,-0.38886,-1.7514,8.5328,-0.78102,-3.605,0,0
0.7,2.4635,-1.5155,7.9282,0.96374,-0.091669,-0.41867,4.0054,-0.38099,-1.7152,8.6202,-0.79305,-3.6362,0,0
0.69,2.454,-1.5146,7.9323,0.92411,-0.087899,-0.40171,3.9188,-0.373,-1.6787,8.701,-0.80425,-3.6653,0,0
0.68,2.445,-1.5137,7.9362,0.88536,-0.084209,-0.3851,3.8314,-0.36491,-1.6419,8.775,-0.81462,-3.6922,0,0
0.67,2.4363,-1.5129,7.94,0.84749,-0.080601,-0.36887,3.7434,-0.35671,-1.6048,8.842,-0.82413,-3.7167,0,0
0.66,2.428,-1.5121,7.9436,0.8105,-0.077075,-0.35301,3.6546,-0.34843,-1.5675,8.9019,-0.83279,-3.7389,0,0
0.65,2.4201,-1.5114,7.9471,0.7744,-0.073633,-0.33752,3.5653,-0.34006,-1.5301,8.9546,-0.84057,-3.7587,0,0
0.64,2.4125,-1.5106,7.9504,0.73919,-0.070274,-0.32241,3.4756,-0.33162,-1.4924,8.9999,-0.84747,-3.7759,0,0
0.63,2.4053,-1.51,7.9535,0.70489,-0.067001,-0.30767,3.3854,-0.32311,-1.4545,9.0376,-0.85346,-3.7906,0,0
0.62,2.3984,-1.5093,7.9565,0.67149,-0.063812,-0.29332,3.2948,-0.31455,-1.4166,9.0677,-0.85856,-3.8026,0,0
0.61,2.3919,-1.5087,7.9594,0.63899,-0.06071,-0.27934,3.204,-0.30594,-1.3785,9.0901,-0.86273,-3.8119,0,0
0.6,2.3856,-1.5081,7.9621,0.60741,-0.057694,-0.26575,3.1131,-0.2973,-1.3403,9.1046,-0.86598,-3.8183,0,0
0.59,2.3797,-1.5075,7.9647,0.57673,-0.054764,-0.25253,3.022,-0.28863,-1.3021,9.1111,-0.8683,-3.8219,0,0
0.58,2.3741,-1.507,7.9672,0.54697,-0.051921,-0.2397,2.9309,-0.27994,-1.2639,9.1095,-0.86969,-3.8226,0,0
0.57,2.3688,-1.5065,7.9695,0.51811,-0.049165,-0.22726,2.8398,-0.27124,-1.2257,9.0997,-0.87013,-3.8203,0,0
0.56,2.3637,-1.506,7.9717,0.49017,-0.046496,-0.21519,2.7489,-0.26254,-1.1875,9.0816,-0.86962,-3.815,0,0
0.55,2.359,-1.5056,7.9738,0.46313,-0.043914,-0.2035,2.6582,-0.25385,-1.1494,9.0552,-0.86817,-3.8065,0,0
0.54,2.3545,-1.5051,7.9758,0.437,-0.041419,-0.1922,2.5678,-0.24518,-1.1114,9.0204,-0.86576,-3.7949,0,0
0.53,2.3502,-1.5047,7.9776,0.41178,-0.039011,-0.18128,2.4778,-0.23654,-1.0735,8.9771,-0.86241,-3.78,0,0
0.52,2.3462,-1.5044,7.9794,0.38745,-0.036688,-0.17073,2.3883,-0.22793,-1.0358,8.9253,-0.85811,-3.7619,0,0
0.51,2.3425,-1.504,7.9811,0.36401,-0.034452,-0.16056,2.2994,-0.21938,-0.9983,8.865,-0.85285,-3.7404,0,0
0.5,2.339,-1.5037,7.9826,0.34146,-0.032301,-0.15076,2.211,-0.21088,-0.96101,8.7961,-0.84666,-3.7156,0,0
0.49,2.3357,-1.5033,7.9841,0.31979,-0.030234,-0.14134,2.1235,-0.20245,-0.924,8.7186,-0.83952,-3.6875,0,0
0.48,2.3326,-1.5031,7.9854,0.29899,-0.028251,-0.13228,2.0367,-0.19409,-0.88728,8.6326,-0.83146,-3.6558,0,0
0.47,2.3297,-1.5028,7.9867,0.27905,-0.026352,-0.12359,1.9508,-0.18582,-0.85089,8.538,-0.82247,-3.6208,0,0
0.46,2.327,-1.5025,7.9879,0.25997,-0.024535,-0.11526,1.866,-0.17765,-0.81487,8.4349,-0.81256,-3.5823,0,0
0.45,2.3245,-1.5023,7.989,0.24173,-0.022799,-0.10729,1.7822,-0.16957,-0.77926,8.3233,-0.80176,-3.5403,0,0
0.44,2.3221,-1.5021,7.9901,0.22432,-0.021143,-0.099676,1.6995,-0.16161,-0.74408,8.2033,-0.79006,-3.4948,0,0
0.43,2.32,-1.5019,7.991,0.20773,-0.019566,-0.09241,1.6181,-0.15377,-0.70937,8.075,-0.7775,-3.4458,0,0
0.42,2.318,-1.5017,7.9919,0.19195,-0.018067,-0.085487,1.5381,-0.14607,-0.67518,7.9385,-0.76407,-3.3933,0,0
0.41,2.3161,-1.5015,7.9927,0.17697,-0.016644,-0.078904,1.4594,-0.1385,-0.64152,7.7938,-0.7498,-3.3373,0,0
0.4,2.3144,-1.5013,7.9935,0.16276,-0.015297,-0.072655,1.3822,-0.13107,-0.60844,7.6412,-0.73472,-3.2779,0,0
0.39,2.3129,-1.5012,7.9942,0.14932,-0.014022,-0.066733,1.3066,-0.1238,-0.57597,7.4808,-0.71884,-3.2151,0,0
0.38,2.3115,-1.5011,7.9948,0.13662,-0.01282,-0.061133,1.2326,-0.1167,-0.54415,7.3127,-0.70219,-3.1489,0,0
0.37,2.3101,-1.5009,7.9954,0.12466,-0.011688,-0.055848,1.1604,-0.10976,-0.51301,7.1371,-0.68479,-3.0793,0,0
0.36,2.309,-1.5008,7.9959,0.11341,-0.010624,-0.050871,1.0899,-0.103,-0.48258,6.9544,-0.66668,-3.0065,0,0
0.35,2.3079,-1.5007,7.9964,0.10285,-0.0096271,-0.046194,1.0213,-0.096431,-0.45289,6.7646,-0.64788,-2.9305,0,0
0.34,2.3069,-1.5006,7.9969,0.092976,-0.0086948,-0.04181,0.95462,-0.090049,-0.42398,6.5682,-0.62843,-2.8513,0,0
0.33,2.306,-1.5006,7.9973,0.083755,-0.0078254,-0.037712,0.88995,-0.083865,-0.39587,6.3653,-0.60837,-2.7691,0,0
0.32,2.3052,-1.5005,7.9976,0.075171,-0.0070169,-0.03389,0.82734,-0.077884,-0.3686,6.1564,-0.58773,-2.684,0,0
0.31,2.3045,-1.5004,7.9979,0.067202,-0.0062671,-0.030337,0.76684,-0.072112,-0.3422,5.9417,-0.56655,-2.5961,0,0
0.3,2.3039,-1.5004,7.9982,0.059827,-0.0055739,-0.027043,0.70852,-0.066555,-0.31669,5.7216,-0.54487,-2.5056,0,0
0.29,2.3033,-1.5003,7.9985,0.053024,-0.0049352,-0.024,0.65243,-0.061216,-0.2921,5.4966,-0.52275,-2.4125,0,0
0.28,2.3028,-1.5003,7.9987,0.04677,-0.0043488,-0.021198,0.5986,-0.056101,-0.26845,5.267,-0.50022,-2.317,0,0
0.27,2.3024,-1.5002,7.9989,0.041044,-0.0038125,-0.018628,0.5471,-0.051213,-0.24576,5.0334,-0.47735,-2.2194,0,0
0.26,2.302,-1.5002,7.9991,0.035821,-0.0033238,-0.01628,0.49795,-0.046555,-0.22407,4.7962,-0.45418,-2.1198,0,0
0.25,2.3017,-1.5002,7.9992,0.031077,-0.0028806,-0.014143,0.45118,-0.04213,-0.20337,4.5561,-0.43077,-2.0185,0,0
0.24,2.3014,-1.5001,7.9994,0.026789,-0.0024804,-0.012209,0.40684,-0.03794,-0.1837,4.3135,-0.40718,-1.9156,0,0
0.23,2.3011,-1.5001,7.9995,0.022932,-0.002121,-0.010466,0.36492,-0.033987,-0.16507,4.069,-0.38347,-1.8114,0,0
0.22,2.3009,-1.5001,7.9996,0.019482,-0.0017999,-0.0089039,0.32546,-0.030271,-0.14748,3.8234,-0.35971,-1.7063,0,0
0.21,2.3007,-1.5001,7.9997,0.016415,-0.0015148,-0.0075127,0.28846,-0.026793,-0.13094,3.5773,-0.33597,-1.6004,0,0
0.2,2.3006,-1.5001,7.9997,0.013705,-0.0012632,-0.0062815,0.25391,-0.023552,-0.11547,3.3314,-0.31231,-1.4941,0,0
0.19,2.3005,-1.5,7.9998,0.011328,-0.0010429,-0.0051997,0.22183,-0.020546,-0.10106,3.0865,-0.28882,-1.3877,0,0
0.18,2.3003,-1.5,7.9998,0.0092603,-0.00085154,-0.0042567,0.19218,-0.017774,-0.087715,2.8434,-0.26557,-1.2816,0,0
0.17,2.3003,-1.5,7.9999,0.0074767,-0.00068669,-0.0034419,0.16495,-0.015233,-0.075426,2.6029,-0.24265,-1.1763,0,0
0.16,2.3002,-1.5,7.9999,0.0059534,-0.00054611,-0.0027447,0.14011,-0.01292,-0.064186,2.366,-0.22014,-1.072,0,0
0.15,2.3001,-1.5,7.9999,0.0046667,-0.00042755,-0.0021547,0.11761,-0.010829,-0.053982,2.1337,-0.19812,-0.96918,0,0
0.14,2.3001,-1.5,8,0.0035934,-0.0003288,-0.0016617,0.097415,-0.0089555,-0.044796,1.9069,-0.1767,-0.86838,0,0
0.13,2.3001,-1.5,8,0.0027109,-0.00024774,-0.0012555,0.079454,-0.0072928,-0.036606,1.6866,-0.15596,-0.77007,0,0
0.12,2.3,-1.5,8,0.0019971,-0.00018227,-0.00092631,0.063658,-0.0058336,-0.029385,1.474,-0.13601,-0.67475,0,0
0.11,2.3,-1.5,8,0.0014308,-0.00013041,-0.00066466,0.049945,-0.0045696,-0.023099,1.2702,-0.11696,-0.58299,0,0
0.1,2.3,-1.5,8,0.00099161,-9.026e-05,-0.00046134,0.038221,-0.0034912,-0.017711,1.0764,-0.0989,-0.49536,0,0
0.09,2.3,-1.5,8,0.00066012,-6.0006e-05,-0.00030759,0.028379,-0.0025879,-0.013176,0.89396,-0.081954,-0.41248,0,0
0.08,2.3,-1.5,8,0.00041814,-3.7957e-05,-0.00019514,0.0203,-0.001848,-0.0094434,0.72413,-0.066235,-0.33501,0,0
0.07,2.3,-1.5,8,0.00024869,-2.2544e-05,-0.00011624,0.01385,-0.0012587,-0.0064556,0.56831,-0.051864,-0.26362,0,0
0.06,2.3,-1.5,8,0.00013619,-1.2329e-05,-6.376e-05,0.0088824,-0.00080581,-0.0041483,0.42795,-0.038965,-0.19904,0,0
0.05,2.3,-1.5,8,6.6638e-05,-6.0238e-06,-3.1246e-05,0.0052346,-0.00047405,-0.0024496,0.30457,-0.027666,-0.14204,0,0
0.04,2.3,-1.5,8,2.7692e-05,-2.4997e-06,-1.3005e-05,0.0027292,-0.00024672,-0.0012797,0.19974,-0.018101,-0.093402,0,0
0.03,2.3,-1.5,8,8.8894e-06,-8.0126e-07,-4.1815e-06,0.0011724,-0.00010579,-0.00055083,0.11512,-0.010407,-0.053977,0,0
0.02,2.3,-1.5,8,1.7814e-06,-1.6034e-07,-8.3931e-07,0.00035372,-3.186e-05,-0.00016652,0.052419,-0.0047273,-0.024644,0,0
0.01,2.3,-1.5,8,1.1295e-07,-1.0151e-08,-5.3303e-08,4.5019e-05,-4.0474e-06,-2.1236e-05,0.013425,-0.0012077,-0.0063283,0,0
0,2.3,-1.5,8,0,0,0,0,0,0,0,0,0,0,0