6,1,10.5,2.5,0,-9.8571e-09,-3.2162e-08,0,-3.9126e-09,-6.8812e-09,0,1.4552e-11,-5.0932e-11,0,0
5.99,1,10.5,2.5,0,4.8724e-07,2.4697e-07,0,-0.00019746,-0.00011071,0,0.05856,0.032759,0,0
5.98,1,10.5,2.5,0,7.7279e-06,4.2889e-06,0,-0.0015263,-0.00085001,0,0.2237,0.124,0,0
5.97,1,10.5,2.5,0,3.8103e-05,2.1135e-05,0,-0.0049771,-0.0027526,0,0.48058,0.26385,0,0
5.96,1,10.5,2.5,0,0.00011719,6.4696e-05,0,-0.011398,-0.0062589,0,0.81561,0.44331,0,0
5.95,1,10.5,2.5,0,0.00027838,0.00015285,0,-0.021508,-0.011724,0,1.2163,0.65422,0,0
5.94,1,10.5,2.5,0,0.00056166,0.00030663,0,-0.035906,-0.019423,0,1.6714,0.88916,0,0
5.93,1,10.5,2.5,0,0.0010124,0.00054946,0,-0.055084,-0.029565,0,2.1706,1.1415,0,0
5.92,1,10.5,2.5,0,0.0016806,0.00090654,0,-0.079433,-0.04229,0,2.7044,1.4051,0,0
5.91,1,10.5,2.5,0,0.0026194,0.0014042,0,-0.10926,-0.057686,0,3.2644,1.6747,0,0
5.9,1,10.5,2.5,0,0.0038848,0.0020693,0,-0.14478,-0.075788,0,3.8431,1.9455,0,0
5.89,1,10.5,2.4999,0,0.0055346,0.0029289,0,-0.18616,-0.096586,0,4.4334,2.2132,0,0
5.88,1,10.5,2.4999,0,0.0076277,0.0040098,0,-0.23347,-0.12003,0,5.0295,2.4742,0,0
5.87,1,10.5,2.4999,0,0.010224,0.0053381,0,-0.28675,-0.14604,0,5.6257,2.7251,0,0
5.86,1,10.5,2.4998,0,0.013383,0.0069387,0,-0.34597,-0.17449,0,6.2174,2.9632,0,0
5.85,1,10.499,2.4997,0,0.017163,0.0088356,0,-0.41107,-0.20525,0,6.8002,3.1861,0,0
5.84,1,10.499,2.4996,0,0.021623,0.011051,0,-0.48193,-0.23815,0,7.3706,3.3916,0,0
5.83,1,10.499,2.4995,0,0.02682,0.013605,0,-0.55843,-0.27302,0,7.9252,3.5783,0,0
5.82,1,10.499,2.4993,0,0.03281,0.016517,0,-0.64038,-0.30965,0,8.4615,3.7446,0,0
5.81,1,10.498,2.4992,0,0.039645,0.019803,0,-0.72759,-0.34784,0,8.9771,3.8895,0,0
5.8,1,10.498,2.4989,0,0.047378,0.023478,0,-0.81984,-0.38737,0,9.4701,4.0123,0,0
5.79,1,10.497,2.4987,0,0.056058,0.027555,0,-0.91691,-0.42801,0,9.9389,4.1123,0,0
5.78,1,10.497,2.4984,0,0.065732,0.032042,0,-1.0185,-0.46954,0,10.382,4.1892,0,0
5.77,1,10.496,2.498,0,0.076443,0.036947,0,-1.1245,-0.51172,0,10.799,4.243,0,0
5.76,1,10.495,2.4976,0,0.088235,0.042277,0,-1.2344,-0.55432,0,11.189,4.2735,0,0
5.75,1,10.494,2.4972,0,0.10114,0.048034,0,-1.3482,-0.59711,0,11.552,4.2811,0,0
5.74,1,10.493,2.4967,0,0.11521,0.054219,0,-1.4654,-0.63987,0,11.887,4.2661,0,0
5.73,1,10.492,2.4961,0,0.13046,0.060831,0,-1.5858,-0.68236,0,12.194,4.2289,0,0
5.72,1,10.491,2.4955,0,0.14694,0.067865,0,-1.7092,-0.72437,0,12.473,4.1701,0,0
5.71,1,10.489,2.4948,0,0.16466,0.075316,0,-1.8352,-0.76569,0,12.726,4.0905,0,0
5.7,1,10.487,2.494,0,0.18365,0.083176,0,-1.9636,-0.80611,0,12.951,3.9907,0,0
5.69,1,10.485,2.4931,0,0.20393,0.091435,0,-2.0941,-0.84544,0,13.149,3.8717,0,0
5.68,1,10.483,2.4921,0,0.22554,0.10008,0,-2.2265,-0.88349,0,13.322,3.7342,0,0
5.67,1,10.481,2.4911,0,0.24847,0.1091,0,-2.3605,-0.92007,0,13.47,3.5794,0,0
5.66,1,10.478,2.4899,0,0.27275,0.11848,0,-2.4958,-0.95502,0,13.594,3.408,0,0
5.65,1,10.475,2.4887,0,0.29839,0.12819,0,-2.6323,-0.98818,0,13.694,3.2213,0,0
5.64,1,10.472,2.4874,0,0.3254,0.13823,0,-2.7696,-1.0194,0,13.771,3.0201,0,0
5.63,1,10.469,2.4859,0,0.35378,0.14857,0,-2.9076,-1.0485,0,13.827,2.8056,0,0
5.62,1,10.465,2.4844,0,0.38355,0.1592,0,-3.0461,-1.0755,0,13.861,2.5787,0,0
5.61,1,10.461,2.4828,0,0.41471,0.17008,0,-3.1848,-1.1001,0,13.876,2.3406,0,0
5.6,1,10.457,2.481,0,0.44725,0.18119,0,-3.3235,-1.1222,0,13.871,2.0923,0,0
5.59,1,10.452,2.4791,0,0.48118,0.19251,0,-3.4621,-1.1419,0,13.849,1.8349,0,0
5.58,1,10.447,2.4772,0,0.51649,0.20402,0,-3.6005,-1.1589,0,13.809,1.5693,0,0
5.57,1,10.442,2.4751,0,0.55318,0.21568,0,-3.7383,-1.1733,0,13.753,1.2966,0,0
5.56,1,10.436,2.4728,0,0.59125,0.22747,0,-3.8755,-1.1848,0,13.682,1.0178,0,0
5.55,1,10.43,2.4705,0,0.63069,0.23937,0,-4.0119,-1.1936,0,13.596,0.73374,0,0
5.54,1,10.424,2.4681,0,0.67149,0.25134,0,-4.1473,-1.1995,0,13.496,0.44542,0,0
5.53,1,10.417,2.4655,0,0.71363,0.26335,0,-4.2817,-1.2025,0,13.383,0.15373,0,0
5.52,1,10.409,2.4628,0,0.75712,0.27538,0,-4.415,-1.2026,0,13.258,-0.14048,0,0
5.51,1,10.402,2.46,0,0.80193,0.28739,0,-4.5469,-1.1997,0,13.122,-0.43638,0,0
5.5,1,10.393,2.457,0,0.84805,0.29936,0,-4.6774,-1.1938,0,12.975,-0.73319,0,0
5.49,1,10.385,2.454,0,0.89547,0.31126,0,-4.8063,-1.185,0,12.817,-1.0302,0,0
5.48,1,10.375,2.4508,0,0.94417,0.32305,0,-4.9337,-1.1732,0,12.65,-1.3266,0,0
5.47,1,10.366,2.4475,0,0.99414,0.33471,0,-5.0593,-1.1585,0,12.474,-1.6217,0,0
5.46,1,10.355,2.4441,0,1.0454,0.34621,0,-5.1831,-1.1408,0,12.29,-1.915,0,0
5.45,1,10.345,2.4406,0,1.0978,0.35752,0,-5.3051,-1.1202,0,12.097,-2.2059,0,0
5.44,1,10.334,2.437,0,1.1514,0.3686,0,-5.425,-1.0967,0,11.897,-2.4937,0,0
5.43,1,10.322,2.4332,0,1.2063,0.37944,0,-5.543,-1.0703,0,11.689,-2.778,0,0
5.42,1,10.309,2.4294,0,1.2623,0.39,0,-5.6588,-1.0411,0,11.475,-3.0583,0,0
5.41,1,10.296,2.4254,0,1.3195,0.40026,0,-5.7725,-1.0092,0,11.254,-3.3341,0,0
5.4,1,10.283,2.4214,0,1.3777,0.41018,0,-5.8839,-0.97447,0,11.027,-3.605,0,0
5.39,1,10.269,2.4172,0,1.4371,0.41974,0,-5.993,-0.93709,0,10.794,-3.8706,0,0
5.38,1,10.254,2.413,0,1.4976,0.42891,0,-6.0997,-0.89708,0,10.555,-4.1307,0,0
5.37,1,10.239,2.4087,0,1.5591,0.43767,0,-6.2041,-0.8545,0,10.31,-4.3849,0,0
5.36,1,10.223,2.4042,0,1.6217,0.44599,0,-6.3059,-0.8094,0,10.059,-4.6329,0,0
5.35,1,10.207,2.3997,0,1.6852,0.45385,0,-6.4052,-0.76186,0,9.8033,-4.8744,0,0
5.34,1,10.189,2.3952,0,1.7498,0.46122,0,-6.502,-0.71194,0,9.542,-5.1093,0,0
5.33,1,10.172,2.3905,0,1.8153,0.46808,0,-6.596,-0.6597,0,9.2753,-5.3374,0,0
5.32,1,10.153,2.3858,0,1.8817,0.47441,0,-6.6874,-0.60521,0,9.0034,-5.5584,0,0
5.31,1,10.134,2.381,0,1.949,0.48018,0,-6.7761,-0.54855,0,8.7261,-5.7722,0,0
5.3,1,10.114,2.3762,0,2.0172,0.48537,0,-6.8619,-0.48979,0,8.4435,-5.9788,0,0
5.29,1,10.094,2.3713,0,2.0862,0.48997,0,-6.9449,-0.429,0,8.1556,-6.1779,0,0
5.28,1,10.072,2.3664,0,2.1561,0.49394,0,-7.025,-0.36626,0,7.8623,-6.3695,0,0
5.27,1,10.05,2.3614,0,2.2267,0.49729,0,-7.1022,-0.30164,0,7.5636,-6.5536,0,0
5.26,1,10.028,2.3565,0,2.2981,0.49997,0,-7.1763,-0.23521,0,7.2594,-6.7301,0,0
5.25,1,10.004,2.3514,0,2.3702,0.50198,0,-7.2473,-0.16706,0,6.9497,-6.8988,0,0
5.24,1,9.9804,2.3464,0,2.443,0.50331,0,-7.3153,-0.097262,0,6.6344,-7.0599,0,0
5.23,1,9.9556,2.3414,0,2.5165,0.50392,0,-7.38,-0.025889,0,6.3134,-7.2133,0,0
5.22,1,9.9301,2.3363,0,2.5906,0.50382,0,-7.4415,0.046978,0,5.9866,-7.3589,0,0
5.21,1,9.9038,2.3313,0,2.6653,0.50298,0,-7.4997,0.12126,0,5.654,-7.4968,0,0
5.2,1,9.8768,2.3263,0,2.7406,0.50139,0,-7.5546,0.19689,0,5.3156,-7.6269,0,0
5.19,1,9.849,2.3213,0,2.8164,0.49904,0,-7.606,0.27378,0,4.9711,-7.7494,0,0
5.18,1,9.8204,2.3163,0,2.8927,0.49591,0,-7.654,0.35185,0,4.6207,-7.8641,0,0
5.17,1,9.7911,2.3114,0,2.9695,0.492,0,-7.6984,0.43103,0,4.2642,-7.9711,0,0
5.16,1,9.761,2.3065,0,3.0467,0.48729,0,-7.7392,0.51125,0,3.9016,-8.0704,0,0
5.15,1,9.7302,2.3016,0,3.1243,0.48177,0,-7.7764,0.59241,0,3.5329,-8.162,0,0
5.14,1,9.6985,2.2968,0,3.2022,0.47544,0,-7.8099,0.67446,0,3.1581,-8.246,0,0
5.13,1,9.6661,2.2921,0,3.2804,0.46828,0,-7.8396,0.75731,0,2.7771,-8.3224,0,0
5.12,1,9.6329,2.2875,0,3.359,0.46029,0,-7.8654,0.84088,0,2.39,-8.3911,0,0
5.11,1,9.599,2.2829,0,3.4377,0.45146,0,-7.8873,0.9251,0,1.9967,-8.4522,0,0
5.1,1,9.5642,2.2784,0,3.5167,0.44178,0,-7.9053,1.0099,0,1.5975,-8.5057,0,0
5.09,1,9.5286,2.2741,0,3.5958,0.43126,0,-7.9193,1.0952,0,1.1922,-8.5515,0,0
5.08,1,9.4923,2.2698,0,3.6751,0.41988,0,-7.9291,1.1809,0,0.78108,-8.5898,0,0
5.07,1,9.4551,2.2657,0,3.7544,0.40764,0,-7.9349,1.267,0,0.36412,-8.6204,0,0
5.06,1,9.4172,2.2617,0,3.8338,0.39454,0,-7.9364,1.3533,0,-0.058523,-8.6434,0,0
5.05,1,9.3784,2.2578,0,3.9131,0.38057,0,-7.9337,1.4398,0,-0.48672,-8.6588,0,0
5.04,1,9.3389,2.2541,0,3.9924,0.36574,0,-7.9267,1.5264,0,-0.9203,-8.6665,0,0
5.03,1,9.2986,2.2505,0,4.0716,0.35004,0,-7.9153,1.6131,0,-1.3591,-8.6666,0,0
5.02,1,9.2575,2.2471,0,4.1507,0.33348,0,-7.8995,1.6997,0,-1.8029,-8.6589,0,0
5.01,1,9.2156,2.2438,0,4.2296,0.31605,0,-7.8792,1.7863,0,-2.2515,-8.6434,0,0
5,1,9.1729,2.2408,0,4.3083,0.29775,0,-7.8544,1.8726,0,-2.7047,-8.6201,0,0
4.99,1,9.1294,2.2379,0,4.3867,0.2786,0,-7.8251,1.9586,0,-3.1622,-8.589,0,0
4.98,1,9.0852,2.2352,0,4.4648,0.25858,0,-7.7911,2.0443,0,-3.6238,-8.55,0,0
4.97,1,9.0401,2.2327,0,4.5425,0.23771,0,-7.7526,2.1296,0,-4.0891,-8.5031,0,0
4.96,1,8.9943,2.2304,0,4.6198,0.21599,0,-7.7094,2.2144,0,-4.5578,-8.4481,0,0
4.95,1,8.9477,2.2284,0,4.6967,0.19343,0,-7.6614,2.2985,0,-5.0297,-8.385,0,0
4.94,1,8.9004,2.2266,0,4.773,0.17002,0,-7.6088,2.382,0,-5.5043,-8.3139,0,0
4.93,1,8.8523,2.225,0,4.8488,0.14579,0,-7.5513,2.4648,0,-5.9814,-8.2345,0,0
4.92,1,8.8034,2.2237,0,4.924,0.12073,0,-7.4891,2.5467,0,-6.4605,-8.1468,0,0
4.91,1,8.7538,2.2226,0,4.9986,0.094857,0,-7.4221,2.6277,0,-6.9413,-8.0508,0,0
4.9,1,8.7034,2.2218,0,5.0725,0.068179,0,-7.3503,2.7077,0,-7.4234,-7.9464,0,0
4.89,1,8.6523,2.2212,0,5.1456,0.040707,0,-7.2736,2.7866,0,-7.9064,-7.8335,0,0
4.88,1,8.6005,2.2209,0,5.2179,0.012451,0,-7.1922,2.8643,0,-8.3899,-7.7121,0,0
4.87,1,8.548,2.221,0,5.2894,-0.016576,0,-7.1058,2.9408,0,-8.8734,-7.582,0,0
4.86,1,8.4947,2.2213,0,5.36,-0.046361,0,-7.0147,3.016,0,-9.3565,-7.4433,0,0
4.85,1,8.4408,2.2219,0,5.4297,-0.07689,0,-6.9187,3.0897,0,-9.8388,-7.2959,0,0
4.84,1,8.3862,2.2228,0,5.4984,-0.10815,0,-6.8179,3.1618,0,-10.32,-7.1396,0,0
4.83,1,8.3308,2.2241,0,5.566,-0.14012,0,-6.7123,3.2324,0,-10.799,-6.9746,0,0
4.82,1,8.2748,2.2256,0,5.6326,-0.17279,0,-6.6019,3.3013,0,-11.276,-6.8007,0,0
4.81,1,8.2182,2.2275,0,5.698,-0.20614,0,-6.4868,3.3684,0,-11.751,-6.6179,0,0
4.8,1,8.1609,2.2298,0,5.7623,-0.24015,0,-6.3669,3.4336,0,-12.222,-6.4261,0,0
4.79,1,8.1029,2.2323,0,5.8254,-0.27481,0,-6.2424,3.4969,0,-12.69,-6.2255,0,0
4.78,1,8.0444,2.2352,0,5.8872,-0.31008,0,-6.1131,3.5581,0,-13.154,-6.0159,0,0
4.77,1,7.9852,2.2385,0,5.9476,-0.34596,0,-5.9793,3.6172,0,-13.614,-5.7974,0,0
4.76,1,7.9254,2.2422,0,6.0067,-0.38242,0,-5.8409,3.674,0,-14.069,-5.57,0,0
4.75,1,7.8651,2.2462,0,6.0644,-0.41944,0,-5.6979,3.7286,0,-14.518,-5.3337,0,0
4.74,1,7.8041,2.2506,0,6.1207,-0.45698,0,-5.5505,3.7807,0,-14.962,-5.0886,0,0
4.73,1,7.7427,2.2553,0,6.1754,-0.49504,0,-5.3987,3.8303,0,-15.4,-4.8347,0,0
4.72,1,7.6806,2.2605,0,6.2286,-0.53358,0,-5.2426,3.8773,0,-15.831,-4.5721,0,0
4.71,1,7.6181,2.266,0,6.2803,-0.57258,0,-5.0821,3.9217,0,-16.256,-4.301,0,0
4.7,1,7.555,2.2719,0,6.3303,-0.61201,0,-4.9175,3.9633,0,-16.673,-4.0214,0,0
4.69,1,7.4915,2.2782,0,6.3786,-0.65184,0,-4.7487,4.0021,0,-17.082,-3.7335,0,0
4.68,1,7.4275,2.285,0,6.4252,-0.69204,0,-4.5758,4.038,0,-17.484,-3.4373,0,0
4.67,1,7.363,2.2921,0,6.4701,-0.73259,0,-4.399,4.0708,0,-17.877,-3.1331,0,0
4.66,1,7.2981,2.2996,0,6.5132,-0.77345,0,-4.2183,4.1006,0,-18.262,-2.8211,0,0
4.65,1,7.2327,2.3075,0,6.5544,-0.81459,0,-4.0338,4.1272,0,-18.637,-2.5015,0,0
4.64,1,7.167,2.3159,0,6.5938,-0.85598,0,-3.8456,4.1506,0,-19.003,-2.1744,0,0
4.63,1,7.1009,2.3247,0,6.6313,-0.89759,0,-3.6538,4.1707,0,-19.36,-1.8401,0,0
4.62,1,7.0344,2.3339,0,6.6669,-0.93938,0,-3.4585,4.1874,0,-19.707,-1.499,0,0
4.61,1,6.9675,2.3435,0,6.7005,-0.98132,0,-3.2597,4.2006,0,-20.044,-1.1512,0,0
4.6,1,6.9004,2.3535,0,6.7321,-1.0234,0,-3.0576,4.2104,0,-20.371,-0.79718,0,0
4.59,1,6.8329,2.3639,0,6.7616,-1.0655,0,-2.8523,4.2166,0,-20.687,-0.43713,0,0
4.58,1,6.7651,2.3748,0,6.7891,-1.1077,0,-2.6439,4.2191,0,-20.992,-0.071465,0,0
4.57,1,6.6971,2.3861,0,6.8145,-1.1499,0,-2.4325,4.218,0,-21.287,0.29946,0,0
4.56,1,6.6289,2.3978,0,6.8378,-1.192,0,-2.2182,4.2131,0,-21.57,0.67525,0,0
4.55,1,6.5604,2.4099,0,6.8589,-1.2341,0,-2.0011,4.2045,0,-21.843,1.0555,0,0
4.54,1,6.4917,2.4225,0,6.8778,-1.2761,0,-1.7814,4.192,0,-22.104,1.4398,0,0
4.53,1,6.4228,2.4354,0,6.8945,-1.318,0,-1.5591,4.1757,0,-22.354,1.8276,0,0
4.52,1,6.3538,2.4488,0,6.909,-1.3596,0,-1.3344,4.1554,0,-22.592,2.2185,0,0
4.51,1,6.2847,2.4626,0,6.9212,-1.4011,0,-1.1073,4.1313,0,-22.819,2.612,0,0
4.5,1,6.2154,2.4768,0,6.9311,-1.4422,0,-0.87802,4.1032,0,-23.034,3.0077,0,0
4.49,1,6.146,2.4915,0,6.9387,-1.4831,0,-0.64666,4.0711,0,-23.237,3.4049,0,0
4.48,1,6.0766,2.5065,0,6.944,-1.5236,0,-0.41331,4.0351,0,-23.429,3.8031,0,0
4.47,1,6.0072,2.5219,0,6.947,-1.5638,0,-0.17811,3.9951,0,-23.609,4.2018,0,0
4.46,1,5.9377,2.5378,0,6.9476,-1.6035,0,0.058832,3.951,0,-23.777,4.6005,0,0
4.45,1,5.8682,2.554,0,6.9458,-1.6428,0,0.2974,3.903,0,-23.934,4.9984,0,0
4.44,1,5.7988,2.5706,0,6.9416,-1.6816,0,0.53747,3.8511,0,-24.078,5.395,0,0
4.43,1,5.7294,2.5876,0,6.935,-1.7198,0,0.77893,3.7952,0,-24.211,5.7898,0,0
4.42,1,5.6601,2.605,0,6.926,-1.7575,0,1.0217,3.7353,0,-24.332,6.182,0,0
4.41,1,5.5909,2.6228,0,6.9146,-1.7945,0,1.2655,3.6715,0,-24.441,6.5711,0,0
4.4,1,5.5218,2.6409,0,6.9007,-1.8309,0,1.5104,3.6039,0,-24.539,6.9564,0,0
4.39,1,5.4529,2.6594,0,6.8844,-1.8666,0,1.7563,3.5324,0,-24.624,7.3372,0,0
4.38,1,5.3841,2.6783,0,6.8656,-1.9015,0,2.0029,3.4572,0,-24.698,7.713,0,0
4.37,1,5.3156,2.6974,0,6.8443,-1.9357,0,2.2502,3.3782,0,-24.76,8.083,0,0
4.36,1,5.2473,2.717,0,6.8206,-1.9691,0,2.4981,3.2955,0,-24.81,8.4467,0,0
4.35,1,5.1792,2.7368,0,6.7944,-2.0016,0,2.7464,3.2093,0,-24.848,8.8032,0,0
4.34,1,5.1114,2.757,0,6.7657,-2.0333,0,2.995,3.1195,0,-24.874,9.1521,0,0
4.33,1,5.0439,2.7775,0,6.7345,-2.064,0,3.2438,3.0262,0,-24.888,9.4925,0,0
4.32,1,4.9767,2.7983,0,6.7008,-2.0938,0,3.4927,2.9297,0,-24.89,9.824,0,0
4.31,1,4.9099,2.8194,0,6.6646,-2.1226,0,3.7416,2.8298,0,-24.88,10.146,0,0
4.3,1,4.8434,2.8407,0,6.626,-2.1503,0,3.9903,2.7268,0,-24.858,10.457,0,0
4.29,1,4.7773,2.8624,0,6.5848,-2.1771,0,4.2387,2.6207,0,-24.823,10.758,0,0
4.28,1,4.7117,2.8843,0,6.5412,-2.2028,0,4.4867,2.5117,0,-24.775,11.046,0,0
4.27,1,4.6465,2.9064,0,6.4951,-2.2273,0,4.7341,2.3998,0,-24.715,11.323,0,0
4.26,1,4.5818,2.9288,0,6.4465,-2.2507,0,4.9809,2.2853,0,-24.642,11.587,0,0
4.25,1,4.5176,2.9514,0,6.3955,-2.273,0,5.2269,2.1681,0,-24.556,11.837,0,0
4.24,1,4.4539,2.9743,0,6.342,-2.2941,0,5.472,2.0486,0,-24.456,12.073,0,0
4.23,1,4.3908,2.9973,0,6.286,-2.314,0,5.716,1.9267,0,-24.342,12.295,0,0
4.22,1,4.3282,3.0205,0,6.2277,-2.3326,0,5.9588,1.8027,0,-24.215,12.501,0,0
4.21,1,4.2662,3.0439,0,6.1669,-2.35,0,6.2003,1.6767,0,-24.073,12.692,0,0
4.2,1,4.2049,3.0675,0,6.1037,-2.3662,0,6.4402,1.5489,0,-23.916,12.866,0,0
4.19,1,4.1442,3.0913,0,6.0381,-2.381,0,6.6785,1.4195,0,-23.743,13.024,0,0
4.18,1,4.0841,3.1151,0,5.9701,-2.3945,0,6.915,1.2885,0,-23.556,13.164,0,0
4.17,1,4.0248,3.1391,0,5.8998,-2.4068,0,7.1496,1.1563,0,-23.351,13.286,0,0
4.16,1,3.9661,3.1633,0,5.8271,-2.4177,0,7.382,1.0229,0,-23.131,13.391,0,0
4.15,1,3.9082,3.1875,0,5.7521,-2.4272,0,7.6121,0.88851,0,-22.893,13.476,0,0
4.14,1,3.8511,3.2118,0,5.6749,-2.4354,0,7.8398,0.7534,0,-22.637,13.542,0,0
4.13,1,3.7948,3.2362,0,5.5953,-2.4423,0,8.0648,0.61773,0,-22.363,13.589,0,0
4.12,1,3.7392,3.2607,0,5.5136,-2.4478,0,8.287,0.4817,0,-22.069,13.615,0,0
4.11,1,3.6845,3.2852,0,5.4296,-2.4519,0,8.5061,0.3455,0,-21.756,13.621,0,0
4.1,1,3.6306,3.3097,0,5.3435,-2.4547,0,8.7221,0.20935,0,-21.423,13.606,0,0
4.09,1,3.5776,3.3342,0,5.2552,-2.4561,0,8.9345,0.073451,0,-21.069,13.57,0,0
4.08,1,3.5255,3.3588,0,5.1648,-2.4562,0,9.1434,-0.061972,0,-20.693,13.511,0,0
4.07,1,3.4743,3.3834,0,5.0723,-2.4549,0,9.3483,-0.1967,0,-20.294,13.431,0,0
4.06,1,3.4241,3.4079,0,4.9778,-2.4522,0,9.5492,-0.33051,0,-19.873,13.328,0,0
4.05,1,3.3748,3.4324,0,4.8814,-2.4483,0,9.7457,-0.46318,0,-19.428,13.202,0,0
4.04,1,3.3265,3.4569,0,4.7829,-2.443,0,9.9376,-0.59447,0,-18.958,13.052,0,0
4.03,1,3.2791,3.4813,0,4.6826,-2.4364,0,10.125,-0.72413,0,-18.463,12.878,0,0
4.02,1,3.2328,3.5056,0,4.5805,-2.4285,0,10.307,-0.85194,0,-17.943,12.679,0,0
4.01,1,3.1875,3.5298,0,4.4765,-2.4193,0,10.484,-0.97763,0,-17.396,12.455,0,0
4,1,3.1433,3.554,0,4.3708,-2.4089,0,10.655,-1.101,0,-16.822,12.206,0,0
3.99,1,3.1001,3.578,0,4.2634,-2.3973,0,10.82,-1.2217,0,-16.221,11.93,0,0
3.98,1,3.058,3.6019,0,4.1544,-2.3845,0,10.979,-1.3395,0,-15.593,11.626,0,0
3.97,1,3.017,3.6257,0,4.0439,-2.3706,0,11.132,-1.4541,0,-14.936,11.295,0,0
3.96,1,2.9772,3.6493,0,3.9318,-2.3555,0,11.278,-1.5653,0,-14.252,10.935,0,0
3.95,1,2.9384,3.6728,0,3.8184,-2.3393,0,11.417,-1.6727,0,-13.539,10.545,0,0
3.94,1,2.9008,3.6961,0,3.7035,-2.322,0,11.548,-1.7761,0,-12.797,10.124,0,0
3.93,1,2.8643,3.7192,0,3.5874,-2.3038,0,11.672,-1.8751,0,-12.028,9.671,0,0
3.92,1,2.829,3.7422,0,3.4701,-2.2845,0,11.789,-1.9694,0,-11.232,9.1845,0,0
3.91,1,2.7949,3.7649,0,3.3517,-2.2644,0,11.897,-2.0586,0,-10.408,8.6631,0,0
3.9,1,2.762,3.7875,0,3.2322,-2.2434,0,11.997,-2.1425,0,-9.5581,8.1052,0,0
3.89,1,2.7303,3.8098,0,3.1118,-2.2216,0,12.088,-2.2206,0,-8.683,7.5088,0,0
3.88,1,2.6998,3.8319,0,2.9905,-2.199,0,12.17,-2.2926,0,-7.7841,6.8721,0,0
3.87,1,2.6705,3.8538,0,2.8684,-2.1757,0,12.244,-2.3579,0,-6.8628,6.1927,0,0
3.86,1,2.6424,3.8754,0,2.7456,-2.1518,0,12.308,-2.4163,0,-5.9212,5.4682,0,0
3.85,1,2.6156,3.8968,0,2.6223,-2.1274,0,12.362,-2.4671,0,-4.9615,4.6959,0,0
3.84,1,2.59,3.9179,0,2.4984,-2.1025,0,12.407,-2.51,0,-3.9864,3.8728,0,0
3.83,1,2.5656,3.9388,0,2.3742,-2.0773,0,12.442,-2.5444,0,-2.9989,2.9954,0,0
3.82,1,2.5425,3.9595,0,2.2496,-2.0517,0,12.467,-2.5697,0,-2.0026,2.0603,0,0
3.81,1,2.5206,3.9799,0,2.1249,-2.0259,0,12.482,-2.5854,0,-1.0014,1.0632,0,0
3.8,1,2.5,4,0,2,-2,0,8.4983,-4.8935,0,5.6441e-08,8.4139e-08,0,0
3.79,1,2.4804,4.0198,0,1.915,-1.9511,0,8.5004,-4.8954,0,-0.41858,0.36824,0,0
3.78,1,2.4617,4.039,0,1.83,-1.9021,0,8.5066,-4.9007,0,-0.80423,0.68222,0,0
3.77,1,2.4438,4.0578,0,1.7449,-1.853,0,8.5164,-4.9089,0,-1.1568,0.94434,0,0
3.76,1,2.4268,4.0761,0,1.6596,-1.8039,0,8.5296,-4.9194,0,-1.4761,1.157,0,0
3.75,1,2.4106,4.0939,0,1.5743,-1.7546,0,8.5458,-4.9318,0,-1.7621,1.3224,0,0
3.74,1,2.3953,4.1112,0,1.4887,-1.7053,0,8.5647,-4.9457,0,-2.0148,1.4429,0,0
3.73,1,2.3809,4.128,0,1.403,-1.6557,0,8.586,-4.9605,0,-2.234,1.5206,0,0
3.72,1,2.3673,4.1443,0,1.317,-1.606,0,8.6093,-4.976,0,-2.4197,1.5579,0,0
3.71,1,2.3545,4.1601,0,1.2308,-1.5562,0,8.6343,-4.9916,0,-2.5722,1.5567,0,0
3.7,1,2.3426,4.1754,0,1.1443,-1.5062,0,8.6606,-5.007,0,-2.6913,1.5193,0,0
3.69,1,2.3316,4.1902,0,1.0576,-1.4561,0,8.688,-5.0219,0,-2.7771,1.4476,0,0
3.68,1,2.3215,4.2045,0,0.97053,-1.4058,0,8.7161,-5.0358,0,-2.83,1.3436,0,0
3.67,1,2.3122,4.2183,0,0.88323,-1.3554,0,8.7445,-5.0486,0,-2.8499,1.2094,0,0
3.66,1,2.3038,4.2316,0,0.79564,-1.3048,0,8.773,-5.0599,0,-2.8372,1.0467,0,0
3.65,1,2.2963,4.2444,0,0.70777,-1.2542,0,8.8011,-5.0695,0,-2.792,0.85756,0,0
3.64,1,2.2897,4.2567,0,0.61962,-1.2034,0,8.8287,-5.077,0,-2.7146,0.64372,0,0
3.63,1,2.2839,4.2685,0,0.5312,-1.1526,0,8.8553,-5.0823,0,-2.6053,0.40699,0,0
3.62,1,2.2791,4.2798,0,0.44252,-1.1018,0,8.8807,-5.0851,0,-2.4645,0.14909,0,0
3.61,1,2.2751,4.2905,0,0.35359,-1.0509,0,8.9045,-5.0852,0,-2.2926,-0.12827,0,0
3.6,1,2.272,4.3008,0,0.26444,-1.0001,0,8.9264,-5.0824,0,-2.0899,-0.42345,0,0
3.59,1,2.2698,4.3105,0,0.17507,-0.9493,0,8.9462,-5.0767,0,-1.8569,-0.73483,0,0
3.58,1,2.2685,4.3198,0,0.085521,-0.89857,0,8.9635,-5.0677,0,-1.594,-1.0609,0,0
3.57,1,2.2681,4.3285,0,-0.0041889,-0.84795,0,8.978,-5.0554,0,-1.3019,-1.4,0,0
3.56,1,2.2686,4.3367,0,-0.094029,-0.79748,0,8.9894,-5.0397,0,-0.98091,-1.7508,0,0
3.55,1,2.27,4.3445,0,-0.18397,-0.74717,0,8.9975,-5.0203,0,-0.63174,-2.1118,0,0
3.54,1,2.2722,4.3517,0,-0.27397,-0.69708,0,9.002,-4.9974,0,-0.25498,-2.4816,0,0
3.53,1,2.2754,4.3584,0,-0.36399,-0.64724,0,9.0025,-4.9707,0,0.14874,-2.8589,0,0
3.52,1,2.2795,4.3646,0,-0.454,-0.59768,0,8.9989,-4.9402,0,0.57874,-3.2424,0,0
3.51,1,2.2845,4.3704,0,-0.54396,-0.54845,0,8.9909,-4.9058,0,1.0343,-3.6308,0,0
3.5,1,2.2904,4.3756,0,-0.6338,-0.49958,0,8.9781,-4.8676,0,1.5147,-4.0229,0,0
3.49,1,2.2972,4.3804,0,-0.7235,-0.45111,0,8.9605,-4.8254,0,2.0191,-4.4175,0,0
3.48,1,2.3049,4.3846,0,-0.813,-0.40308,0,8.9377,-4.7792,0,2.5468,-4.8136,0,0
3.47,1,2.3135,4.3884,0,-0.90224,-0.35554,0,8.9095,-4.7291,0,3.0969,-5.21,0,0
3.46,1,2.3229,4.3917,0,-0.99117,-0.30851,0,8.8757,-4.675,0,3.6685,-5.6057,0,0
3.45,1,2.3333,4.3946,0,-1.0797,-0.26205,0,8.836,-4.617,0,4.2607,-5.9997,0,0
3.44,1,2.3445,4.397,0,-1.1679,-0.21619,0,8.7904,-4.555,0,4.8725,-6.391,0,0
3.43,1,2.3566,4.3989,0,-1.2555,-0.17096,0,8.7385,-4.4892,0,5.503,-6.7788,0,0
3.42,1,2.3696,4.4004,0,-1.3426,-0.12642,0,8.6803,-4.4195,0,6.1512,-7.1621,0,0
3.41,1,2.3835,4.4014,0,-1.4291,-0.082587,0,8.6154,-4.3459,0,6.816,-7.5403,0,0
3.4,1,2.3982,4.4021,0,-1.5149,-0.039511,0,8.5439,-4.2687,0,7.4963,-7.9124,0,0
3.39,1,2.4138,4.4022,0,-1.6,0.0027744,0,8.4655,-4.1877,0,8.191,-8.2777,0,0
3.38,1,2.4302,4.402,0,-1.6842,0.044232,0,8.38,-4.1031,0,8.899,-8.6357,0,0
3.37,1,2.4475,4.4014,0,-1.7675,0.084826,0,8.2874,-4.015,0,9.6191,-8.9856,0,0
3.36,1,2.4655,4.4003,0,-1.8499,0.12452,0,8.1876,-3.9235,0,10.35,-9.3268,0,0
3.35,1,2.4844,4.3989,0,-1.9313,0.16328,0,8.0804,-3.8285,0,11.091,-9.6587,0,0
3.34,1,2.5042,4.397,0,-2.0115,0.20108,0,7.9658,-3.7303,0,11.84,-9.981,0,0
3.33,1,2.5247,4.3948,0,-2.0906,0.23788,0,7.8436,-3.6289,0,12.595,-10.293,0,0
3.32,1,2.546,4.3923,0,-2.1683,0.27365,0,7.7138,-3.5245,0,13.357,-10.594,0,0
3.31,1,2.568,4.3894,0,-2.2448,0.30836,0,7.5764,-3.4171,0,14.123,-10.885,0,0
3.3,1,2.5909,4.3861,0,-2.3198,0.34198,0,7.4314,-3.3068,0,14.892,-11.164,0,0
3.29,1,2.6144,4.3825,0,-2.3934,0.37449,0,7.2786,-3.1939,0,15.662,-11.431,0,0
3.28,1,2.6387,4.3786,0,-2.4654,0.40585,0,7.1181,-3.0783,0,16.432,-11.687,0,0
3.27,1,2.6637,4.3744,0,-2.5357,0.43604,0,6.95,-2.9602,0,17.201,-11.93,0,0
3.26,1,2.6894,4.3699,0,-2.6044,0.46505,0,6.7741,-2.8397,0,17.966,-12.161,0,0
3.25,1,2.7158,4.3651,0,-2.6712,0.49283,0,6.5907,-2.717,0,18.727,-12.38,0,0
3.24,1,2.7429,4.3601,0,-2.7362,0.51938,0,6.3996,-2.5921,0,19.481,-12.587,0,0
3.23,1,2.7705,4.3548,0,-2.7992,0.54467,0,6.2011,-2.4653,0,20.227,-12.781,0,0
3.22,1,2.7988,4.3492,0,-2.8602,0.56868,0,5.9951,-2.3366,0,20.964,-12.962,0,0
3.21,1,2.8277,4.3434,0,-2.919,0.59139,0,5.7818,-2.2061,0,21.689,-13.131,0,0
3.2,1,2.8572,4.3374,0,-2.9758,0.61279,0,5.5614,-2.074,0,22.401,-13.288,0,0
3.19,1,2.8872,4.3311,0,-3.0302,0.63287,0,5.3339,-1.9404,0,23.098,-13.433,0,0
3.18,1,2.9178,4.3247,0,-3.0824,0.6516,0,5.0995,-1.8054,0,23.779,-13.565,0,0
3.17,1,2.9489,4.3181,0,-3.1322,0.66897,0,4.8584,-1.6691,0,24.44,-13.686,0,0
3.16,1,2.9804,4.3113,0,-3.1796,0.68497,0,4.6107,-1.5317,0,25.081,-13.796,0,0
3.15,1,3.0125,4.3044,0,-3.2244,0.6996,0,4.3568,-1.3932,0,25.7,-13.894,0,0
3.14,1,3.0449,4.2973,0,-3.2667,0.71283,0,4.0968,-1.2538,0,26.295,-13.982,0,0
3.13,1,3.0778,4.2902,0,-3.3063,0.72467,0,3.831,-1.1136,0,26.863,-14.059,0,0
3.12,1,3.111,4.2829,0,-3.3433,0.7351,0,3.5597,-0.97266,0,27.402,-14.127,0,0
3.11,1,3.1446,4.2755,0,-3.3775,0.74412,0,3.2831,-0.8311,0,27.911,-14.185,0,0
3.1,1,3.1786,4.268,0,-3.4089,0.75172,0,3.0015,-0.689,0,28.388,-14.234,0,0
3.09,1,3.2128,4.2604,0,-3.4375,0.7579,0,2.7154,-0.54644,0,28.83,-14.275,0,0
3.08,1,3.2473,4.2528,0,-3.4632,0.76265,0,2.4251,-0.40352,0,29.235,-14.308,0,0
3.07,1,3.2821,4.2452,0,-3.486,0.76597,0,2.1309,-0.2603,0,29.601,-14.335,0,0
3.06,1,3.317,4.2375,0,-3.5058,0.76786,0,1.8332,-0.11685,0,29.925,-14.355,0,0
3.05,1,3.3522,4.2298,0,-3.5227,0.76831,0,1.5325,0.026781,0,30.206,-14.37,0,0
3.04,1,3.3875,4.2221,0,-3.5365,0.76732,0,1.2292,0.17053,0,30.442,-14.379,0,0
3.03,1,3.4229,4.2145,0,-3.5472,0.7649,0,0.92382,0.31436,0,30.629,-14.386,0,0
3.02,1,3.4584,4.2069,0,-3.5549,0.76103,0,0.61681,0.45823,0,30.766,-14.389,0,0
3.01,1,3.494,4.1993,0,-3.5596,0.75573,0,0.30868,0.60213,0,30.85,-14.39,0,0
3,1,3.5296,4.1917,3.3018e-09,-3.5611,0.74899,1.7382e-12,4.0018e-11,0.74603,5.3936e-10,30.878,-14.39,0,0
2.99,1,3.5652,4.1843,1.1978e-07,-3.5596,0.74081,-4.6355e-05,-0.30854,0.88977,0.01379,30.806,-14.342,0,0
2.98,1,3.6008,4.1769,1.8298e-06,-3.5549,0.7312,-0.00036164,-0.61567,1.0326,0.053335,30.599,-14.203,0,0
2.97,1,3.6363,4.1697,9.066e-06,-3.5473,0.72017,-0.0011901,-0.92011,1.1736,0.116,30.27,-13.984,0,0
2.96,1,3.6717,4.1625,2.8074e-05,-3.5366,0.70774,-0.0027505,-1.2207,1.312,0.19931,29.831,-13.691,0,0
2.95,1,3.707,4.1555,6.7166e-05,-3.5229,0.69394,-0.0052372,-1.5164,1.4472,0.30089,29.295,-13.333,0,0
2.94,1,3.7421,4.1487,0.00013648,-3.5062,0.67881,-0.0088218,-1.8063,1.5785,0.41854,28.671,-12.918,0,0
2.93,1,3.7771,4.142,0.00024776,-3.4868,0.66238,-0.013655,-2.0896,1.7054,0.55016,27.971,-12.452,0,0
2.92,0.99999,3.8119,4.1354,0.00041417,-3.4645,0.64472,-0.019865,-2.3655,1.8274,0.69378,27.203,-11.943,0,0
2.91,0.99999,3.8464,4.1291,0.00065003,-3.4395,0.62585,-0.027564,-2.6334,1.9441,0.84755,26.377,-11.395,0,0
2.9,0.99998,3.8807,4.1229,0.00097072,-3.4118,0.60585,-0.036844,-2.8929,2.0552,1.0097,25.501,-10.815,0,0
2.89,0.99997,3.9146,4.117,0.0013924,-3.3817,0.58477,-0.047781,-3.1433,2.1603,1.1787,24.582,-10.207,0,0
2.88,0.99995,3.9483,4.1112,0.0019321,-3.349,0.56267,-0.060435,-3.3844,2.2592,1.3529,23.629,-9.5782,0,0
2.87,0.99993,3.9816,4.1057,0.002607,-3.314,0.53961,-0.074851,-3.6158,2.3518,1.5309,22.646,-8.9315,0,0
2.86,0.9999,4.0146,4.1004,0.0034351,-3.2767,0.51565,-0.091062,-3.8372,2.4378,1.7114,21.642,-8.2715,0,0
2.85,0.99986,4.0471,4.0954,0.0044343,-3.2373,0.49087,-0.10908,-4.0486,2.5172,1.8932,20.62,-7.6022,0,0
2.84,0.99981,4.0793,4.0906,0.0056228,-3.1958,0.46533,-0.12893,-4.2496,2.5898,2.0751,19.588,-6.9271,0,0
2.83,0.99975,4.111,4.0861,0.0070189,-3.1523,0.4391,-0.15058,-4.4403,2.6557,2.2561,18.548,-6.2497,0,0
2.82,0.99967,4.1423,4.0818,0.0086405,-3.107,0.41224,-0.17404,-4.6206,2.7148,2.4351,17.506,-5.5729,0,0
2.81,0.99957,4.1732,4.0778,0.010506,-3.06,0.38482,-0.19928,-4.7904,2.7672,2.6113,16.467,-4.8996,0,0
2.8,0.99946,4.2035,4.0741,0.012632,-3.0112,0.35692,-0.22626,-4.9499,2.8129,2.7839,15.432,-4.2323,0,0
2.79,0.99932,4.2334,4.0707,0.015036,-2.961,0.32859,-0.25494,-5.0991,2.8519,2.952,14.406,-3.5732,0,0
2.78,0.99916,4.2627,4.0676,0.017736,-2.9093,0.2999,-0.28528,-5.2381,2.8844,3.1151,13.393,-2.9245,0,0
2.77,0.99896,4.2916,4.0647,0.020747,-2.8563,0.27092,-0.31722,-5.367,2.9104,3.2724,12.393,-2.2881,0,0
2.76,0.99874,4.3199,4.0621,0.024086,-2.802,0.24171,-0.35071,-5.486,2.9302,3.4234,11.411,-1.6655,0,0
2.75,0.99848,4.3476,4.0599,0.027766,-2.7466,0.21234,-0.38567,-5.5953,2.9438,3.5677,10.447,-1.0584,0,0
2.74,0.99818,4.3748,4.0579,0.031804,-2.6901,0.18286,-0.42204,-5.695,2.9514,3.7047,9.5042,-0.46801,0,0
2.73,0.99784,4.4014,4.0562,0.036212,-2.6327,0.15333,-0.45974,-5.7854,2.9532,3.8342,8.584,0.10453,0,0
2.72,0.99746,4.4274,4.0548,0.041003,-2.5744,0.12381,-0.49869,-5.8668,2.9494,3.9556,7.6877,0.65824,0,0
2.71,0.99702,4.4529,4.0537,0.046189,-2.5154,0.094363,-0.53882,-5.9393,2.9401,4.0689,6.8165,1.1923,0,0
2.7,0.99653,4.4777,4.0529,0.051783,-2.4557,0.06503,-0.58004,-6.0032,2.9256,4.1736,5.9714,1.7059,0,0
2.69,0.99599,4.502,4.0524,0.057793,-2.3954,0.035868,-0.62226,-6.0588,2.906,4.2696,5.1533,2.1986,0,0
2.68,0.99538,4.5257,4.0522,0.064231,-2.3345,0.0069251,-0.6654,-6.1063,2.8817,4.3568,4.3627,2.6698,0,0
2.67,0.9947,4.5487,4.0523,0.071104,-2.2733,-0.021751,-0.70937,-6.1461,2.8527,4.435,3.6003,3.1193,0,0
2.66,0.99395,4.5711,4.0527,0.078421,-2.2116,-0.050115,-0.75407,-6.1784,2.8194,4.5041,2.8663,3.5468,0,0
2.65,0.99313,4.5929,4.0533,0.086188,-2.1497,-0.078124,-0.79942,-6.2035,2.7819,4.564,2.161,3.9522,0,0
2.64,0.99223,4.6141,4.0542,0.094411,-2.0876,-0.10574,-0.84532,-6.2218,2.7404,4.6148,1.4844,4.3353,0,0
2.63,0.99124,4.6347,4.0554,0.1031,-2.0253,-0.13292,-0.89169,-6.2333,2.6952,4.6565,0.83653,4.6963,0,0
2.62,0.99016,4.6546,4.0569,0.11225,-1.9629,-0.15963,-0.93842,-6.2386,2.6465,4.6891,0.21727,5.0353,0,0
2.61,0.98899,4.6739,4.0586,0.12187,-1.9006,-0.18584,-0.98544,-6.2378,2.5946,4.7126,-0.37363,5.3524,0,0
2.6,0.98772,4.6926,4.0606,0.13196,-1.8382,-0.21151,-1.0326,-6.2312,2.5396,4.7271,-0.93646,5.6478,0,0
2.59,0.98635,4.7107,4.0628,0.14252,-1.7759,-0.23662,-1.08,-6.2191,2.4817,4.7328,-1.4716,5.9219,0,0
2.58,0.98487,4.7281,4.0653,0.15355,-1.7138,-0.26114,-1.1273,-6.2019,2.4212,4.7298,-1.9796,6.1751,0,0
2.57,0.98328,4.745,4.0681,0.16506,-1.6519,-0.28504,-1.1745,-6.1796,2.3583,4.7182,-2.4609,6.4076,0,0
2.56,0.98157,4.7612,4.071,0.17704,-1.5903,-0.3083,-1.2216,-6.1527,2.2931,4.6981,-2.9161,6.62,0,0
2.55,0.97974,4.7768,4.0742,0.1895,-1.5289,-0.33089,-1.2685,-6.1214,2.2259,4.6699,-3.3459,6.8127,0,0
2.54,0.97778,4.7918,4.0776,0.20241,-1.4678,-0.35281,-1.315,-6.0859,2.1569,4.6336,-3.7508,6.9862,0,0
2.53,0.97569,4.8061,4.0813,0.21579,-1.4072,-0.37403,-1.3611,-6.0465,2.0863,4.5895,-4.1317,7.1411,0,0
2.52,0.97346,4.8199,4.0851,0.22963,-1.3469,-0.39453,-1.4067,-6.0033,2.0142,4.5378,-4.4893,7.278,0,0
2.51,0.97109,4.8331,4.0892,0.24393,-1.2871,-0.41431,-1.4518,-5.9567,1.9408,4.4787,-4.8243,7.3974,0,0
2.5,0.96858,4.8457,4.0934,0.25867,-1.2278,-0.43334,-1.4963,-5.9069,1.8663,4.4125,-5.1376,7.4999,0,0
2.49,0.96592,4.8576,4.0978,0.27385,-1.169,-0.45163,-1.5401,-5.8541,1.7908,4.3394,-5.4299,7.5862,0,0
2.48,0.9631,4.869,4.1024,0.28947,-1.1107,-0.46916,-1.5831,-5.7984,1.7146,4.2597,-5.7021,7.6569,0,0
2.47,0.96013,4.8799,4.1072,0.30551,-1.053,-0.48592,-1.6252,-5.7401,1.6377,4.1737,-5.9549,7.7126,0,0
2.46,0.95699,4.8901,4.1121,0.32197,-0.99594,-0.50191,-1.6665,-5.6794,1.5604,4.0815,-6.1893,7.754,0,0
2.45,0.95369,4.8998,4.1172,0.33884,-0.93946,-0.51712,-1.7068,-5.6164,1.4827,3.9836,-6.4061,7.7817,0,0
2.44,0.95021,4.9089,4.1225,0.3561,-0.88362,-0.53156,-1.7462,-5.5513,1.4048,3.8802,-6.606,7.7963,0,0
2.43,0.94656,4.9174,4.1279,0.37375,-0.82844,-0.54522,-1.7844,-5.4843,1.3268,3.7715,-6.79,7.7986,0,0
2.42,0.94274,4.9255,4.1334,0.39179,-0.77394,-0.5581,-1.8216,-5.4155,1.2489,3.6578,-6.9588,7.7891,0,0
2.41,0.93873,4.9329,4.139,0.41018,-0.72014,-0.5702,-1.8576,-5.3452,1.1711,3.5395,-7.1133,7.7685,0,0
2.4,0.93453,4.9399,4.1448,0.42893,-0.66704,-0.58152,-1.8924,-5.2733,1.0935,3.4167,-7.2542,7.7375,0,0
2.39,0.93015,4.9463,4.1507,0.44803,-0.61467,-0.59207,-1.9259,-5.2001,1.0164,3.2899,-7.3823,7.6966,0,0
2.38,0.92557,4.9522,4.1566,0.46745,-0.56304,-0.60185,-1.9581,-5.1257,0.93964,3.1592,-7.4984,7.6465,0,0
2.37,0.9208,4.9575,4.1627,0.48718,-0.51216,-0.61086,-1.9891,-5.0502,0.86346,3.025,-7.6032,7.5877,0,0
2.36,0.91583,4.9624,4.1688,0.50722,-0.46204,-0.61912,-2.0186,-4.9737,0.78791,2.8874,-7.6974,7.5208,0,0
2.35,0.91065,4.9668,4.1751,0.52755,-0.41269,-0.62663,-2.0468,-4.8963,0.71307,2.7469,-7.7818,7.4465,0,0
2.34,0.90527,4.9707,4.1814,0.54815,-0.36412,-0.63339,-2.0736,-4.8181,0.639,2.6037,-7.8569,7.3653,0,0
2.33,0.89969,4.9741,4.1877,0.56902,-0.31633,-0.63941,-2.0989,-4.7392,0.56578,2.4579,-7.9236,7.2777,0,0
2.32,0.89389,4.977,4.1942,0.59013,-0.26934,-0.6447,-2.1227,-4.6596,0.49347,2.31,-7.9823,7.1842,0,0
2.31,0.88788,4.9795,4.2006,0.61147,-0.22314,-0.64928,-2.1451,-4.5795,0.42212,2.1601,-8.0337,7.0853,0,0
2.3,0.88166,4.9815,4.2071,0.63302,-0.17775,-0.65315,-2.1659,-4.499,0.35178,2.0085,-8.0783,6.9816,0,0
2.29,0.87522,4.983,4.2137,0.65478,-0.13316,-0.65632,-2.1852,-4.418,0.2825,1.8555,-8.1167,6.8735,0,0
2.28,0.86857,4.9841,4.2203,0.67672,-0.08939,-0.6588,-2.203,-4.3367,0.21432,1.7013,-8.1495,6.7614,0,0
2.27,0.86169,4.9848,4.2269,0.69884,-0.046432,-0.66061,-2.2192,-4.255,0.14729,1.5461,-8.177,6.6458,0,0
2.26,0.85459,4.9851,4.2335,0.7211,-0.0042907,-0.66175,-2.2339,-4.1731,0.081418,1.3901,-8.1998,6.5271,0,0
2.25,0.84727,4.9849,4.2401,0.74351,0.03703,-0.66224,-2.247,-4.091,0.016752,1.2337,-8.2183,6.4057,0,0
2.24,0.83972,4.9843,4.2467,0.76604,0.07753,-0.66209,-2.2586,-4.0088,-0.046688,1.0769,-8.2329,6.2819,0,0
2.23,0.83194,4.9833,4.2533,0.78868,0.11721,-0.66131,-2.2686,-3.9264,-0.10888,0.92002,-8.244,6.1562,0,0
2.22,0.82394,4.982,4.2599,0.8114,0.15606,-0.65992,-2.277,-3.8439,-0.16981,0.76325,-8.2518,6.0287,0,0
2.21,0.81572,4.9802,4.2665,0.83421,0.19408,-0.65792,-2.2839,-3.7614,-0.22945,0.60678,-8.2568,5.9,0,0
2.2,0.80726,4.9781,4.2731,0.85708,0.23128,-0.65533,-2.2891,-3.6788,-0.2878,0.45078,-8.2593,5.7701,0,0
2.19,0.79857,4.9756,4.2796,0.87999,0.26766,-0.65217,-2.2929,-3.5962,-0.34485,0.29545,-8.2594,5.6395,0,0
2.18,0.78966,4.9727,4.2861,0.90293,0.30321,-0.64844,-2.2951,-3.5136,-0.40059,0.14095,-8.2575,5.5083,0,0
2.17,0.78052,4.9695,4.2926,0.92588,0.33793,-0.64416,-2.2957,-3.4311,-0.45502,-0.012552,-8.2538,5.3769,0,0
2.16,0.77114,4.966,4.299,0.94884,0.37183,-0.63935,-2.2948,-3.3485,-0.50813,-0.1649,-8.2484,5.2453,0,0
2.15,0.76154,4.9621,4.3054,0.97177,0.4049,-0.634,-2.2924,-3.2661,-0.55992,-0.31595,-8.2415,5.1138,0,0
2.14,0.75171,4.9579,4.3117,0.99468,0.43715,-0.62815,-2.2885,-3.1837,-0.6104,-0.46556,-8.2334,4.9827,0,0
2.13,0.74165,4.9534,4.318,1.0175,0.46858,-0.6218,-2.2831,-3.1014,-0.65958,-0.61359,-8.224,4.852,0,0
2.12,0.73136,4.9485,4.3241,1.0403,0.49918,-0.61496,-2.2762,-3.0192,-0.70745,-0.75992,-8.2135,4.7219,0,0
2.11,0.72084,4.9434,4.3302,1.0631,0.52896,-0.60766,-2.2679,-2.9372,-0.75402,-0.90443,-8.2019,4.5925,0,0
2.1,0.7101,4.9379,4.3363,1.0857,0.55792,-0.59989,-2.2581,-2.8552,-0.7993,-1.047,-8.1895,4.4639,0,0
2.09,0.69913,4.9322,4.3422,1.1082,0.58607,-0.59167,-2.247,-2.7734,-0.8433,-1.1876,-8.1761,4.3363,0,0
2.08,0.68793,4.9262,4.3481,1.1306,0.61339,-0.58303,-2.2344,-2.6917,-0.88603,-1.326,-8.1618,4.2097,0,0
2.07,0.67651,4.92,4.3539,1.1529,0.6399,-0.57396,-2.2205,-2.6101,-0.9275,-1.4622,-8.1466,4.0842,0,0
2.06,0.66487,4.9134,4.3596,1.175,0.6656,-0.56448,-2.2052,-2.5288,-0.96772,-1.596,-8.1305,3.9599,0,0
2.05,0.65301,4.9067,4.3652,1.197,0.69048,-0.55461,-2.1885,-2.4475,-1.0067,-1.7275,-8.1136,3.8367,0,0
2.04,0.64093,4.8996,4.3707,1.2188,0.71455,-0.54435,-2.1706,-2.3665,-1.0445,-1.8566,-8.0956,3.7148,0,0
2.03,0.62864,4.8924,4.3761,1.2404,0.73781,-0.53372,-2.1514,-2.2856,-1.081,-1.9832,-8.0767,3.5941,0,0
2.02,0.61613,4.8849,4.3814,1.2618,0.76026,-0.52273,-2.131,-2.205,-1.1163,-2.1071,-8.0567,3.4747,0,0
2.01,0.6034,4.8772,4.3865,1.283,0.78191,-0.5114,-2.1093,-2.1245,-1.1505,-2.2285,-8.0356,3.3565,0,0
2,0.59047,4.8692,4.3916,1.304,0.80275,-0.49973,-2.0864,-2.0442,-1.1835,-2.3472,-8.0133,3.2396,0,0
1.99,0.57732,4.8611,4.3965,1.3247,0.82279,-0.48773,-2.0623,-1.9642,-1.2153,-2.4632,-7.9897,3.1239,0,0
1.98,0.56397,4.8528,4.4013,1.3452,0.84204,-0.47543,-2.0371,-1.8845,-1.246,-2.5765,-7.9647,3.0094,0,0
1.97,0.55042,4.8443,4.406,1.3655,0.86048,-0.46282,-2.0108,-1.8049,-1.2755,-2.687,-7.9382,2.8961,0,0
1.96,0.53666,4.8356,4.4106,1.3855,0.87814,-0.44992,-1.9834,-1.7257,-1.3039,-2.7947,-7.9101,2.7838,0,0
1.95,0.52271,4.8267,4.415,1.4052,0.895,-0.43674,-1.9549,-1.6467,-1.3312,-2.8997,-7.8803,2.6727,0,0
1.94,0.50856,4.8177,4.4193,1.4246,0.91107,-0.4233,-1.9254,-1.5681,-1.3573,-3.0018,-7.8486,2.5626,0,0
1.93,0.49422,4.8085,4.4235,1.4437,0.92636,-0.4096,-1.8949,-1.4898,-1.3824,-3.1011,-7.815,2.4535,0,0
1.92,0.47969,4.7992,4.4275,1.4624,0.94087,-0.39566,-1.8634,-1.4118,-1.4064,-3.1976,-7.7793,2.3452,0,0
1.91,0.46497,4.7897,4.4314,1.4809,0.9546,-0.38148,-1.831,-1.3342,-1.4293,-3.2913,-7.7414,2.2379,0,0
1.9,0.45007,4.7801,4.4352,1.4991,0.96755,-0.36707,-1.7976,-1.257,-1.4512,-3.3821,-7.7011,2.1313,0,0
1.89,0.43499,4.7703,4.4387,1.5169,0.97974,-0.35246,-1.7633,-1.1802,-1.472,-3.4702,-7.6584,2.0254,0,0
1.88,0.41974,4.7605,4.4422,1.5343,0.99116,-0.33764,-1.7282,-1.1038,-1.4917,-3.5555,-7.6131,1.9201,0,0
1.87,0.40431,4.7505,4.4455,1.5514,1.0018,-0.32263,-1.6922,-1.0279,-1.5104,-3.638,-7.5651,1.8154,0,0
1.86,0.38871,4.7404,4.4487,1.5682,1.0117,-0.30743,-1.6555,-0.95253,-1.528,-3.7177,-7.5143,1.7112,0,0
1.85,0.37295,4.7303,4.4516,1.5845,1.0209,-0.29207,-1.6179,-0.87766,-1.5446,-3.7947,-7.4605,1.6075,0,0
1.84,0.35702,4.72,4.4545,1.6005,1.0293,-0.27655,-1.5796,-0.80333,-1.5601,-3.869,-7.4037,1.504,0,0
1.83,0.34094,4.7097,4.4572,1.6161,1.0369,-0.26087,-1.5405,-0.72959,-1.5747,-3.9406,-7.3438,1.4009,0,0
1.82,0.3247,4.6993,4.4597,1.6313,1.0439,-0.24506,-1.5008,-0.65647,-1.5882,-4.0095,-7.2805,1.2979,0,0
1.81,0.30831,4.6888,4.4621,1.6461,1.0501,-0.22911,-1.4603,-0.58399,-1.6006,-4.0758,-7.214,1.1952,0,0
1.8,0.29178,4.6783,4.4643,1.6605,1.0556,-0.21305,-1.4193,-0.5122,-1.6121,-4.1395,-7.144,1.0924,0,0
1.79,0.2751,4.6677,4.4663,1.6745,1.0603,-0.19687,-1.3776,-0.44112,-1.6225,-4.2007,-7.0705,0.98974,0,0
1.78,0.25829,4.6571,4.4682,1.6881,1.0644,-0.1806,-1.3353,-0.3708,-1.6319,-4.2593,-6.9934,0.88699,0,0
1.77,0.24134,4.6464,4.47,1.7012,1.0677,-0.16424,-1.2924,-0.30127,-1.6402,-4.3154,-6.9126,0.78415,0,0
1.76,0.22426,4.6357,4.4715,1.7139,1.0704,-0.1478,-1.249,-0.23256,-1.6475,-4.3691,-6.8281,0.68116,0,0
1.75,0.20706,4.625,4.4729,1.7262,1.0724,-0.13129,-1.205,-0.16472,-1.6538,-4.4203,-6.7399,0.57796,0,0
1.74,0.18974,4.6143,4.4741,1.738,1.0737,-0.11473,-1.1606,-0.097777,-1.6591,-4.4692,-6.6479,0.47454,0,0
1.73,0.1723,4.6035,4.4752,1.7494,1.0743,-0.098113,-1.1156,-0.031774,-1.6633,-4.5157,-6.552,0.37083,0,0
1.72,0.15476,4.5928,4.4761,1.7603,1.0743,-0.081463,-1.0703,0.033251,-1.6665,-4.5599,-6.4523,0.26682,0,0
1.71,0.1371,4.5821,4.4768,1.7708,1.0737,-0.064786,-1.0244,0.097259,-1.6687,-4.6018,-6.3488,0.16247,0,0
1.7,0.11934,4.5713,4.4774,1.7808,1.0724,-0.048093,-0.97823,0.16021,-1.6698,-4.6415,-6.2414,0.057773,0,0
1.69,0.10148,4.5606,4.4778,1.7904,1.0705,-0.031395,-0.93162,0.22207,-1.6698,-4.679,-6.1301,-0.047298,0,0
1.68,0.083535,4.5499,4.478,1.7995,1.068,-0.014701,-0.88466,0.2828,-1.6688,-4.7143,-6.015,-0.15275,0,0
1.67,0.065497,4.5393,4.4781,1.8081,1.0648,0.0019782,-0.83734,0.34236,-1.6668,-4.7475,-5.8961,-0.25858,0,0
1.66,0.047375,4.5286,4.478,1.8162,1.0611,0.018631,-0.78971,0.40071,-1.6636,-4.7786,-5.7735,-0.36478,0,0
1.65,0.029174,4.518,4.4777,1.8239,1.0568,0.035248,-0.74178,0.45782,-1.6595,-4.8076,-5.6472,-0.47136,0,0
1.64,0.010899,4.5075,4.4773,1.831,1.052,0.051817,-0.69357,0.51364,-1.6542,-4.8346,-5.5172,-0.57828,0,0
1.63,-0.0074453,4.497,4.4767,1.8377,1.0466,0.068328,-0.64509,0.56815,-1.6479,-4.8596,-5.3837,-0.68553,0,0
1.62,-0.025854,4.4866,4.4759,1.8439,1.0406,0.084771,-0.59638,0.62131,-1.6405,-4.8827,-5.2467,-0.79308,0,0
1.61,-0.044323,4.4762,4.475,1.8497,1.0341,0.10113,-0.54745,0.67307,-1.632,-4.9038,-5.1063,-0.90089,0,0
1.6,-0.062846,4.4659,4.4739,1.8549,1.0271,0.11741,-0.49831,0.72342,-1.6225,-4.9229,-4.9626,-1.0089,0,0
1.59,-0.081419,4.4557,4.4726,1.8596,1.0197,0.13358,-0.44899,0.77232,-1.6119,-4.9402,-4.8158,-1.1171,0,0
1.58,-0.10004,4.4455,4.4712,1.8639,1.0117,0.14964,-0.39951,0.81973,-1.6001,-4.9556,-4.6659,-1.2254,0,0
1.57,-0.11869,4.4354,4.4696,1.8676,1.0033,0.16558,-0.34989,0.86563,-1.5873,-4.9691,-4.5131,-1.3338,0,0
1.56,-0.13739,4.4254,4.4679,1.8709,0.9944,0.18139,-0.30014,0.90998,-1.5735,-4.9808,-4.3576,-1.4421,0,0
1.55,-0.15611,4.4155,4.466,1.8736,0.98509,0.19705,-0.25028,0.95277,-1.5585,-4.9907,-4.1994,-1.5504,0,0
1.54,-0.17486,4.4057,4.464,1.8759,0.97535,0.21255,-0.20033,0.99396,-1.5425,-4.9987,-4.0388,-1.6584,0,0
1.53,-0.19363,4.396,4.4618,1.8776,0.96521,0.22789,-0.15031,1.0335,-1.5253,-5.005,-3.8759,-1.7662,0,0
1.52,-0.21241,4.3864,4.4594,1.8789,0.95469,0.24305,-0.10024,1.0715,-1.5071,-5.0095,-3.7108,-1.8737,0,0
1.51,-0.2312,4.3769,4.4569,1.8796,0.94379,0.25803,-0.050127,1.1077,-1.4879,-5.0121,-3.5439,-1.9807,0,0
1.5,-0.25,4.3676,4.4543,1.8799,0.93254,0.27281,3.6454e-09,1.1423,-1.4675,-5.013,-3.3752,-2.0871,0,0
1.49,-0.2688,4.3583,4.4514,1.8796,0.92095,0.28738,0.050127,1.1752,-1.4461,-5.0121,-3.2049,-2.1929,0,0
1.48,-0.28759,4.3491,4.4485,1.8789,0.90904,0.30173,0.10024,1.2064,-1.4237,-5.0095,-3.0333,-2.2979,0,0
1.47,-0.30637,4.3401,4.4454,1.8776,0.89682,0.31585,0.15031,1.2359,-1.4002,-5.005,-2.8606,-2.402,0,0
1.46,-0.32514,4.3312,4.4422,1.8759,0.88432,0.32973,0.20033,1.2636,-1.3756,-4.9987,-2.687,-2.5051,0,0
1.45,-0.34389,4.3224,4.4388,1.8736,0.87156,0.34336,0.25028,1.2896,-1.3501,-4.9907,-2.5127,-2.607,0,0
1.44,-0.36261,4.3138,4.4353,1.8709,0.85854,0.35673,0.30014,1.3139,-1.3235,-4.9808,-2.3379,-2.7077,0,0
1.43,-0.38131,4.3052,4.4317,1.8676,0.84528,0.36982,0.34989,1.3364,-1.2959,-4.9691,-2.1628,-2.8069,0,0
1.42,-0.39996,4.2969,4.4279,1.8639,0.83182,0.38264,0.39951,1.3572,-1.2674,-4.9556,-1.9877,-2.9046,0,0
1.41,-0.41858,4.2886,4.424,1.8596,0.81815,0.39517,0.44899,1.3762,-1.2378,-4.9402,-1.8129,-3.0006,0,0
1.4,-0.43715,4.2805,4.42,1.8549,0.8043,0.40739,0.49831,1.3934,-1.2074,-4.9229,-1.6385,-3.0948,0,0
1.39,-0.45568,4.2725,4.4159,1.8497,0.79029,0.41931,0.54745,1.4089,-1.1759,-4.9038,-1.4647,-3.187,0,0
1.38,-0.47415,4.2647,4.4116,1.8439,0.77613,0.43091,0.59638,1.4227,-1.1436,-4.8827,-1.2919,-3.2771,0,0
1.37,-0.49255,4.257,4.4073,1.8377,0.76184,0.44218,0.64509,1.4348,-1.1104,-4.8596,-1.1203,-3.365,0,0
1.36,-0.5109,4.2495,4.4028,1.831,0.74744,0.45312,0.69357,1.4451,-1.0763,-4.8346,-0.95005,-3.4504,0,0
1.35,-0.52917,4.2421,4.3982,1.8239,0.73294,0.46371,0.74178,1.4538,-1.0414,-4.8076,-0.78143,-3.5333,0,0
1.34,-0.54737,4.2348,4.3935,1.8162,0.71837,0.47394,0.78971,1.4608,-1.0057,-4.7786,-0.61467,-3.6134,0,0
1.33,-0.5655,4.2277,4.3887,1.8081,0.70373,0.48382,0.83734,1.4661,-0.96915,-4.7475,-0.45001,-3.6907,0,0
1.32,-0.58353,4.2207,4.3838,1.7995,0.68905,0.49332,0.88466,1.4698,-0.93187,-4.7143,-0.28768,-3.765,0,0
1.31,-0.60148,4.2139,4.3789,1.7904,0.67434,0.50245,0.93162,1.4718,-0.89386,-4.679,-0.12791,-3.8361,0,0
1.3,-0.61934,4.2072,4.3738,1.7808,0.65962,0.5112,0.97823,1.4723,-0.85516,-4.6415,0.029093,-3.904,0,0
1.29,-0.6371,4.2007,4.3686,1.7708,0.6449,0.51955,1.0244,1.4713,-0.8158,-4.6018,0.1831,-3.9684,0,0
1.28,-0.65476,4.1943,4.3634,1.7603,0.6302,0.52751,1.0703,1.4687,-0.7758,-4.5599,0.33389,-4.0292,0,0
1.27,-0.6723,4.1881,4.3581,1.7494,0.61553,0.53507,1.1156,1.4646,-0.73522,-4.5157,0.48127,-4.0864,0,0
1.26,-0.68974,4.182,4.3527,1.738,0.60091,0.54221,1.1606,1.4591,-0.69409,-4.4692,0.62503,-4.1396,0,0
1.25,-0.70706,4.1761,4.3473,1.7262,0.58635,0.54895,1.205,1.4521,-0.65244,-4.4203,0.76497,-4.1889,0,0
1.24,-0.72426,4.1703,4.3417,1.7139,0.57187,0.55526,1.249,1.4438,-0.61033,-4.3691,0.90091,-4.2341,0,0
1.23,-0.74134,4.1647,4.3361,1.7012,0.55748,0.56115,1.2924,1.4341,-0.56778,-4.3154,1.0327,-4.275,0,0
1.22,-0.75829,4.1592,4.3305,1.6881,0.5432,0.56661,1.3353,1.4231,-0.52484,-4.2593,1.1601,-4.3116,0,0
1.21,-0.7751,4.1538,4.3248,1.6745,0.52902,0.57165,1.3776,1.4109,-0.48156,-4.2007,1.2829,-4.3438,0,0
1.2,-0.79178,4.1486,4.3191,1.6605,0.51498,0.57624,1.4193,1.3975,-0.43798,-4.1395,1.4011,-4.3713,0,0
1.19,-0.80831,4.1435,4.3133,1.6461,0.50108,0.58041,1.4603,1.3829,-0.39415,-4.0758,1.5145,-4.3942,0,0
1.18,-0.8247,4.1386,4.3075,1.6313,0.48733,0.58413,1.5008,1.3672,-0.35011,-4.0095,1.6229,-4.4123,0,0
1.17,-0.84094,4.1337,4.3016,1.6161,0.47374,0.58741,1.5405,1.3505,-0.30592,-3.9406,1.7262,-4.4256,0,0
1.16,-0.85702,4.1291,4.2957,1.6005,0.46032,0.59025,1.5796,1.3327,-0.26162,-3.869,1.8243,-4.4339,0,0
1.15,-0.87295,4.1245,4.2898,1.5845,0.44709,0.59264,1.6179,1.314,-0.21726,-3.7947,1.9171,-4.4373,0,0
1.14,-0.88871,4.1201,4.2839,1.5682,0.43404,0.59459,1.6555,1.2944,-0.17289,-3.7177,2.0045,-4.4355,0,0
1.13,-0.90431,4.1159,4.2779,1.5514,0.4212,0.5961,1.6922,1.2739,-0.12856,-3.638,2.0864,-4.4286,0,0
1.12,-0.91974,4.1117,4.272,1.5343,0.40857,0.59716,1.7282,1.2527,-0.084333,-3.5555,2.1627,-4.4165,0,0
1.11,-0.93499,4.1077,4.266,1.5169,0.39615,0.59778,1.7633,1.2307,-0.04025,-3.4702,2.2334,-4.3992,0,0
1.1,-0.95007,4.1038,4.26,1.4991,0.38395,0.59797,1.7976,1.208,0.0036337,-3.3821,2.2985,-4.3767,0,0
1.09,-0.96497,4.1,4.254,1.4809,0.37199,0.59771,1.831,1.1848,0.047265,-3.2913,2.3578,-4.3488,0,0
1.08,-0.97969,4.0963,4.248,1.4624,0.36026,0.59702,1.8634,1.1609,0.090592,-3.1976,2.4114,-4.3156,0,0
1.07,-0.99422,4.0928,4.2421,1.4437,0.34877,0.5959,1.8949,1.1365,0.13356,-3.1011,2.4593,-4.2772,0,0
1.06,-1.0086,4.0894,4.2361,1.4246,0.33753,0.59435,1.9254,1.1117,0.17612,-3.0018,2.5015,-4.2334,0,0
1.05,-1.0227,4.086,4.2302,1.4052,0.32654,0.59238,1.9549,1.0865,0.21821,-2.8997,2.538,-4.1843,0,0
1.04,-1.0367,4.0828,4.2243,1.3855,0.3158,0.58999,1.9834,1.061,0.25979,-2.7947,2.5687,-4.13,0,0
1.03,-1.0504,4.0797,4.2184,1.3655,0.30532,0.58719,2.0108,1.0352,0.30079,-2.687,2.5939,-4.0704,0,0
1.02,-1.064,4.0767,4.2125,1.3452,0.2951,0.58398,2.0371,1.0091,0.34118,-2.5765,2.6134,-4.0057,0,0
1.01,-1.0773,4.0738,4.2067,1.3247,0.28514,0.58037,2.0623,0.98293,0.38089,-2.4632,2.6274,-3.9358,0,0
1,-1.0905,4.071,4.2009,1.304,0.27544,0.57636,2.0864,0.9566,0.41988,-2.3472,2.636,-3.8608,0,0
0.99,-1.1034,4.0683,4.1952,1.283,0.26601,0.57197,2.1093,0.93022,0.45809,-2.2285,2.6393,-3.7809,0,0
0.98,-1.1161,4.0657,4.1895,1.2618,0.25684,0.5672,2.131,0.90384,0.49548,-2.1071,2.6373,-3.696,0,0
0.97,-1.1286,4.0632,4.1839,1.2404,0.24793,0.56206,2.1514,0.8775,0.532,-1.9832,2.6301,-3.6064,0,0
0.96,-1.1409,4.0607,4.1783,1.2188,0.23929,0.55657,2.1706,0.85125,0.56759,-1.8566,2.618,-3.512,0,0
0.95,-1.153,4.0584,4.1727,1.197,0.23091,0.55072,2.1885,0.82515,0.60222,-1.7275,2.601,-3.4131,0,0
0.94,-1.1649,4.0561,4.1672,1.175,0.22278,0.54452,2.2052,0.79925,0.63584,-1.596,2.5794,-3.3096,0,0
0.93,-1.1765,4.0539,4.1618,1.1529,0.21492,0.538,2.2205,0.77358,0.6684,-1.4622,2.5531,-3.2019,0,0
0.92,-1.1879,4.0518,4.1565,1.1306,0.20731,0.53116,2.2344,0.7482,0.69986,-1.326,2.5225,-3.09,0,0
0.91,-1.1991,4.0498,4.1512,1.1082,0.19995,0.52401,2.247,0.72314,0.73019,-1.1876,2.4878,-2.9741,0,0
0.9,-1.2101,4.0478,4.146,1.0857,0.19285,0.51656,2.2581,0.69846,0.75933,-1.047,2.449,-2.8543,0,0
0.89,-1.2208,4.0459,4.1409,1.0631,0.18598,0.50883,2.2679,0.67418,0.78726,-0.90443,2.4064,-2.7309,0,0
0.88,-1.2314,4.0441,4.1358,1.0403,0.17936,0.50082,2.2762,0.65034,0.81394,-0.75992,2.3602,-2.604,0,0
0.87,-1.2416,4.0423,4.1309,1.0175,0.17298,0.49255,2.2831,0.62698,0.83933,-0.61359,2.3107,-2.4738,0,0
0.86,-1.2517,4.0406,4.126,0.99468,0.16682,0.48404,2.2885,0.60414,0.8634,-0.46556,2.2581,-2.3405,0,0
0.85,-1.2615,4.039,4.1212,0.97177,0.16089,0.47529,2.2924,0.58183,0.88613,-0.31595,2.2025,-2.2044,0,0
0.84,-1.2711,4.0374,4.1165,0.94884,0.15518,0.46632,2.2948,0.56009,0.90748,-0.1649,2.1443,-2.0656,0,0
0.83,-1.2805,4.0359,4.1119,0.92588,0.14969,0.45714,2.2957,0.53895,0.92743,-0.012552,2.0836,-1.9245,0,0
0.82,-1.2897,4.0344,4.1073,0.90293,0.1444,0.44778,2.2951,0.51843,0.94596,0.14095,2.0208,-1.7811,0,0
0.81,-1.2986,4.033,4.1029,0.87999,0.13932,0.43823,2.2929,0.49854,0.96305,0.29545,1.9561,-1.6359,0,0
0.8,-1.3073,4.0316,4.0986,0.85708,0.13443,0.42852,2.2891,0.47931,0.97867,0.45078,1.8897,-1.489,0,0
0.79,-1.3157,4.0303,4.0943,0.83421,0.12973,0.41866,2.2839,0.46075,0.99282,0.60678,1.8219,-1.3407,0,0
0.78,-1.3239,4.0291,4.0902,0.8114,0.12521,0.40867,2.277,0.44288,1.0055,0.76325,1.7529,-1.1912,0,0
0.77,-1.3319,4.0278,4.0862,0.78868,0.12087,0.39856,2.2686,0.4257,1.0166,0.92002,1.6831,-1.0409,0,0
0.76,-1.3397,4.0266,4.0822,0.76604,0.11669,0.38834,2.2586,0.40922,1.0263,1.0769,1.6127,-0.88999,0,0
0.75,-1.3473,4.0255,4.0784,0.74351,0.11268,0.37804,2.247,0.39345,1.0344,1.2337,1.5419,-0.73877,0,0
0.74,-1.3546,4.0244,4.0747,0.7211,0.10882,0.36766,2.2339,0.37838,1.0411,1.3901,1.471,-0.58753,0,0
0.73,-1.3617,4.0233,4.071,0.69883,0.10511,0.35722,2.2192,0.36403,1.0462,1.5461,1.4003,-0.43656,0,0
0.72,-1.3686,4.0223,4.0675,0.67672,0.10154,0.34674,2.203,0.35038,1.0498,1.7013,1.33,-0.28614,0,0
0.71,-1.3752,4.0213,4.0641,0.65478,0.098102,0.33623,2.1852,0.33742,1.0519,1.8555,1.2603,-0.13657,0,0
0.7,-1.3817,4.0203,4.0608,0.63302,0.094789,0.3257,2.1659,0.32517,1.0525,2.0085,1.1916,0.011854,0,0
0.69,-1.3879,4.0194,4.0576,0.61147,0.091596,0.31518,2.1451,0.31359,1.0517,2.1601,1.1241,0.15884,0,0
0.68,-1.3939,4.0185,4.0545,0.59013,0.088515,0.30468,2.1227,0.30268,1.0494,2.31,1.0579,0.30408,0,0
0.67,-1.3997,4.0176,4.0515,0.56902,0.08554,0.2942,2.0989,0.29242,1.0456,2.4579,0.9934,0.4473,0,0
0.66,-1.4053,4.0168,4.0486,0.54815,0.082665,0.28377,2.0736,0.28281,1.0404,2.6037,0.9307,0.58819,0,0
0.65,-1.4107,4.016,4.0458,0.52755,0.079882,0.27339,2.0468,0.2738,1.0339,2.7469,0.87003,0.72646,0,0
0.64,-1.4158,4.0152,4.0431,0.50722,0.077187,0.26309,2.0186,0.2654,1.0259,2.8874,0.8116,0.86182,0,0
0.63,-1.4208,4.0144,4.0406,0.48718,0.074572,0.25288,1.9891,0.25756,1.0166,3.025,0.75559,0.994,0,0
0.62,-1.4256,4.0137,4.0381,0.46745,0.072034,0.24277,1.9581,0.25028,1.006,3.1592,0.70218,1.1227,0,0
0.61,-1.4301,4.013,4.0357,0.44803,0.069565,0.23276,1.9259,0.24351,0.99419,3.2899,0.65152,1.2477,0,0
0.6,-1.4345,4.0123,4.0334,0.42893,0.067162,0.22289,1.8924,0.23724,0.98111,3.4167,0.60376,1.3686,0,0
0.59,-1.4387,4.0116,4.0312,0.41018,0.064819,0.21315,1.8576,0.23143,0.96683,3.5395,0.55904,1.4852,0,0
0.58,-1.4427,4.011,4.0292,0.39179,0.062532,0.20355,1.8216,0.22605,0.95142,3.6578,0.51746,1.5973,0,0
0.57,-1.4466,4.0104,4.0272,0.37375,0.060296,0.19412,1.7844,0.22106,0.9349,3.7715,0.47913,1.7047,0,0
0.56,-1.4502,4.0098,4.0253,0.3561,0.058109,0.18486,1.7462,0.21645,0.91734,3.8802,0.44413,1.807,0,0
0.55,-1.4537,4.0092,4.0235,0.33884,0.055966,0.17578,1.7068,0.21217,0.89878,3.9836,0.41253,1.904,0,0
0.54,-1.457,4.0087,4.0218,0.32197,0.053865,0.16689,1.6665,0.20819,0.87928,4.0815,0.38437,1.9956,0,0
0.53,-1.4601,4.0081,4.0201,0.30551,0.051802,0.1582,1.6252,0.20447,0.85889,4.1737,0.35969,2.0815,0,0
0.52,-1.4631,4.0076,4.0186,0.28947,0.049775,0.14971,1.5831,0.20098,0.83767,4.2597,0.3385,2.1616,0,0
0.51,-1.4659,4.0071,4.0171,0.27385,0.047781,0.14144,1.5401,0.19769,0.81568,4.3394,0.32078,2.2356,0,0
0.5,-1.4686,4.0067,4.0158,0.25867,0.04582,0.1334,1.4963,0.19456,0.79298,4.4125,0.30651,2.3033,0,0
0.49,-1.4711,4.0062,4.0145,0.24393,0.04389,0.12559,1.4518,0.19155,0.76963,4.4787,0.29565,2.3648,0,0
0.48,-1.4735,4.0058,4.0133,0.22963,0.041989,0.11801,1.4067,0.18863,0.7457,4.5378,0.28811,2.4197,0,0
0.47,-1.4757,4.0054,4.0121,0.21579,0.040117,0.11067,1.3611,0.18578,0.72126,4.5895,0.28382,2.468,0,0
0.46,-1.4778,4.005,4.011,0.20241,0.038273,0.10359,1.315,0.18295,0.69637,4.6336,0.28266,2.5096,0,0
0.45,-1.4797,4.0046,4.01,0.18949,0.036458,0.096749,1.2685,0.18011,0.67109,4.6699,0.2845,2.5443,0,0
0.44,-1.4816,4.0043,4.0091,0.17704,0.034671,0.090166,1.2216,0.17725,0.6455,4.6981,0.28921,2.5723,0,0
0.43,-1.4833,4.0039,4.0082,0.16506,0.032913,0.08384,1.1745,0.17432,0.61967,4.7182,0.2966,2.5933,0,0
0.42,-1.4849,4.0036,4.0074,0.15355,0.031185,0.077773,1.1273,0.17131,0.59366,4.7298,0.30649,2.6073,0,0
0.41,-1.4864,4.0033,4.0067,0.14252,0.029488,0.071967,1.08,0.16818,0.56755,4.7328,0.31868,2.6145,0,0
0.4,-1.4877,4.003,4.006,0.13196,0.027822,0.066422,1.0326,0.16493,0.54139,4.7271,0.33293,2.6147,0,0
0.39,-1.489,4.0027,4.0054,0.12187,0.02619,0.061139,0.98544,0.16152,0.51528,4.7126,0.34902,2.608,0,0
0.38,-1.4902,4.0025,4.0048,0.11225,0.024592,0.056116,0.93842,0.15794,0.48926,4.6891,0.36667,2.5945,0,0
0.37,-1.4912,4.0023,4.0042,0.1031,0.023031,0.051353,0.89169,0.15418,0.46341,4.6565,0.38562,2.5743,0,0
0.36,-1.4922,4.002,4.0037,0.094411,0.021509,0.046847,0.84532,0.15022,0.43779,4.6148,0.40559,2.5474,0,0
0.35,-1.4931,4.0018,4.0033,0.086188,0.020028,0.042596,0.79942,0.14607,0.41248,4.564,0.42626,2.5141,0,0
0.34,-1.494,4.0016,4.0029,0.078421,0.018589,0.038596,0.75407,0.1417,0.38753,4.5041,0.44734,2.4744,0,0
0.33,-1.4947,4.0015,4.0025,0.071104,0.017194,0.034844,0.70937,0.13712,0.36301,4.435,0.4685,2.4286,0,0
0.32,-1.4954,4.0013,4.0022,0.064231,0.015847,0.031335,0.6654,0.13233,0.33898,4.3568,0.48941,2.3768,0,0
0.31,-1.496,4.0011,4.0019,0.057793,0.014548,0.028063,0.62226,0.12733,0.3155,4.2696,0.50976,2.3192,0,0
0.3,-1.4965,4.001,4.0016,0.051783,0.013301,0.025023,0.58004,0.12214,0.29261,4.1736,0.52919,2.2562,0,0
0.29,-1.497,4.0009,4.0014,0.046189,0.012106,0.022208,0.53882,0.11675,0.27039,4.0689,0.54738,2.1881,0,0
0.28,-1.4975,4.0008,4.0012,0.041003,0.010966,0.019612,0.49869,0.11119,0.24887,3.9556,0.56399,2.115,0,0
0.27,-1.4978,4.0007,4.001,0.036211,0.009883,0.017228,0.45974,0.10548,0.2281,3.8342,0.57871,2.0374,0,0
0.26,-1.4982,4.0006,4.0008,0.031804,0.0088573,0.015048,0.42204,0.099627,0.20814,3.7047,0.59121,1.9556,0,0
0.25,-1.4985,4.0005,4.0007,0.027766,0.0078908,0.013063,0.38567,0.093663,0.189,3.5677,0.6012,1.87,0,0
0.24,-1.4987,4.0004,4.0006,0.024086,0.0069844,0.011265,0.35071,0.087613,0.17075,3.4234,0.60838,1.7809,0,0
0.23,-1.499,4.0003,4.0005,0.020747,0.0061387,0.0096448,0.31722,0.081506,0.1534,3.2724,0.61248,1.6889,0,0
0.22,-1.4992,4.0003,4.0004,0.017736,0.0053543,0.0081937,0.28528,0.075374,0.13698,3.1151,0.61328,1.5944,0,0
0.21,-1.4993,4.0002,4.0003,0.015036,0.0046312,0.0069021,0.25494,0.069252,0.12152,2.952,0.61054,1.4977,0,0
0.2,-1.4995,4.0002,4.0002,0.012632,0.0039691,0.0057602,0.22626,0.063176,0.10703,2.7839,0.60411,1.3995,0,0
0.19,-1.4996,4.0001,4.0002,0.010506,0.0033674,0.0047582,0.19928,0.057183,0.093529,2.6113,0.59383,1.3003,0,0
0.18,-1.4997,4.0001,4.0001,0.0086405,0.0028251,0.0038863,0.17404,0.051312,0.081025,2.4351,0.57961,1.2005,0,0
0.17,-1.4997,4.0001,4.0001,0.0070189,0.0023407,0.0031344,0.15058,0.045604,0.069519,2.2561,0.56143,1.1007,0,0
0.16,-1.4998,4.0001,4.0001,0.0056228,0.0019123,0.0024926,0.12893,0.040097,0.059008,2.0751,0.53928,1.0016,0,0
0.15,-1.4999,4.0001,4.0001,0.0044343,0.0015379,0.0019509,0.10908,0.034831,0.049483,1.8932,0.51325,0.90361,0,0
0.14,-1.4999,4,4,0.0034351,0.0012148,0.0014997,0.091062,0.029844,0.04093,1.7114,0.48349,0.80742,0,0
0.13,-1.4999,4,4,0.002607,0.00093998,0.0011292,0.074851,0.025173,0.033327,1.5309,0.45023,0.71363,0,0
0.12,-1.5,4,4,0.0019321,0.00071017,0.00083004,0.060435,0.02085,0.026647,1.3529,0.41379,0.62286,0,0
0.11,-1.5,4,4,0.0013924,0.00052171,0.00059324,0.047781,0.016906,0.020858,1.1787,0.37457,0.53573,0,0
0.1,-1.5,4,4,0.00097072,0.00037069,0.00041005,0.036844,0.013366,0.015918,1.0097,0.33309,0.4529,0,0
0.09,-1.5,4,4,0.00065003,0.00025297,0.00027219,0.027564,0.01025,0.011783,0.84755,0.28998,0.37499,0,0
0.08,-1.5,4,4,0.00041416,0.00016424,0.00017188,0.019865,0.0075698,0.0084,0.69378,0.24598,0.30265,0,0
0.07,-1.5,4,4,0.00024776,0.0001001,0.00010188,0.013655,0.0053305,0.0057095,0.55016,0.20197,0.23653,0,0
0.06,-1.5,4,4,0.00013648,5.6172e-05,5.5595e-05,0.0088218,0.0035271,0.0036466,0.41854,0.15896,0.17726,0,0
0.05,-1.5,4,4,6.7162e-05,2.8157e-05,2.7097e-05,0.0052372,0.0021439,0.0021394,0.30089,0.11814,0.12548,0,0
0.04,-1.5,4,4,2.8071e-05,1.1986e-05,1.1215e-05,0.0027505,0.0011525,0.00111,0.19931,0.080842,0.081799,0,0
0.03,-1.5,4,4,9.0627e-06,3.9404e-06,3.5843e-06,0.0011901,0.00051033,0.00047434,0.116,0.048573,0.046834,0,0
0.02,-1.5,4,4,1.8265e-06,8.0862e-07,7.1498e-07,0.00036164,0.00015865,0.0001423,0.053335,0.023038,0.021172,0,0
0.01,-1.5,4,4,1.1647e-07,5.2494e-08,4.5113e-08,4.6355e-05,2.0799e-05,1.8003e-05,0.01379,0.0061409,0.0053797,0,0
0,-1.5,4,4,0,0,0,0,0,0,0,0,0,0,0
